"Year","Month","Value","Variable"
1948,1,51.116,"pr"
1948,2,71.23,"pr"
1948,3,180.588,"pr"
1948,4,50.109,"pr"
1948,5,31.34,"pr"
1948,6,1.349,"pr"
1948,7,0.091,"pr"
1948,8,18.752,"pr"
1948,9,35.018,"pr"
1948,10,166.807,"pr"
1948,11,125.238,"pr"
1948,12,154.659,"pr"
1949,1,94.37,"pr"
1949,2,112.776,"pr"
1949,3,118.257,"pr"
1949,4,125.944,"pr"
1949,5,82.53,"pr"
1949,6,43.294,"pr"
1949,7,22.171,"pr"
1949,8,1.849,"pr"
1949,9,11.708,"pr"
1949,10,155.729,"pr"
1949,11,310.699,"pr"
1949,12,58.867,"pr"
1950,1,212.721,"pr"
1950,2,133.04,"pr"
1950,3,154.604,"pr"
1950,4,167.815,"pr"
1950,5,65.195,"pr"
1950,6,6.251,"pr"
1950,7,1.618,"pr"
1950,8,22.071,"pr"
1950,9,21.2,"pr"
1950,10,78.99,"pr"
1950,11,114.099,"pr"
1950,12,249.58,"pr"
1951,1,249.426,"pr"
1951,2,313.419,"pr"
1951,3,62.432,"pr"
1951,4,157.072,"pr"
1951,5,94.692,"pr"
1951,6,28.561,"pr"
1951,7,18.492,"pr"
1951,8,33.449,"pr"
1951,9,15.944,"pr"
1951,10,9.292,"pr"
1951,11,152.508,"pr"
1951,12,111.661,"pr"
1952,1,223.509,"pr"
1952,2,153.275,"pr"
1952,3,83.805,"pr"
1952,4,109.464,"pr"
1952,5,67.728,"pr"
1952,6,3.183,"pr"
1952,7,0.282,"pr"
1952,8,10.646,"pr"
1952,9,14.71,"pr"
1952,10,52.689,"pr"
1952,11,165.594,"pr"
1952,12,139.004,"pr"
1953,1,176.582,"pr"
1953,2,66.092,"pr"
1953,3,116.791,"pr"
1953,4,113.237,"pr"
1953,5,36.096,"pr"
1953,6,8.1,"pr"
1953,7,33.742,"pr"
1953,8,19.203,"pr"
1953,9,6.513,"pr"
1953,10,35.627,"pr"
1953,11,255.676,"pr"
1953,12,94.716,"pr"
1954,1,150.973,"pr"
1954,2,275.63,"pr"
1954,3,66.04,"pr"
1954,4,82.241,"pr"
1954,5,42.665,"pr"
1954,6,25.414,"pr"
1954,7,7.358,"pr"
1954,8,33.009,"pr"
1954,9,37.483,"pr"
1954,10,37.381,"pr"
1954,11,52.896,"pr"
1954,12,333.879,"pr"
1955,1,194.306,"pr"
1955,2,66.022,"pr"
1955,3,250.279,"pr"
1955,4,67.951,"pr"
1955,5,67.128,"pr"
1955,6,49.856,"pr"
1955,7,3.551,"pr"
1955,8,26.296,"pr"
1955,9,55.433,"pr"
1955,10,121.473,"pr"
1955,11,101.897,"pr"
1955,12,117.995,"pr"
1956,1,113.675,"pr"
1956,2,136.892,"pr"
1956,3,222.459,"pr"
1956,4,81.59,"pr"
1956,5,1.714,"pr"
1956,6,7.427,"pr"
1956,7,0.699,"pr"
1956,8,1.211,"pr"
1956,9,4.272,"pr"
1956,10,59.968,"pr"
1956,11,159.433,"pr"
1956,12,105.087,"pr"
1957,1,78.96,"pr"
1957,2,182.89,"pr"
1957,3,96.11,"pr"
1957,4,49.625,"pr"
1957,5,105.607,"pr"
1957,6,36.102,"pr"
1957,7,51.553,"pr"
1957,8,4.053,"pr"
1957,9,35.805,"pr"
1957,10,16.276,"pr"
1957,11,186.396,"pr"
1957,12,222.878,"pr"
1958,1,60.3,"pr"
1958,2,111.563,"pr"
1958,3,99.171,"pr"
1958,4,75.606,"pr"
1958,5,35.376,"pr"
1958,6,12.624,"pr"
1958,7,1.364,"pr"
1958,8,2.755,"pr"
1958,9,135.317,"pr"
1958,10,210.934,"pr"
1958,11,194.713,"pr"
1958,12,218.302,"pr"
1959,1,117.027,"pr"
1959,2,253.151,"pr"
1959,3,172.196,"pr"
1959,4,49.109,"pr"
1959,5,49.363,"pr"
1959,6,53.856,"pr"
1959,7,0.877,"pr"
1959,8,1.179,"pr"
1959,9,16.748,"pr"
1959,10,37.743,"pr"
1959,11,55.618,"pr"
1959,12,201.329,"pr"
1960,1,119.773,"pr"
1960,2,153.825,"pr"
1960,3,89.293,"pr"
1960,4,83.11,"pr"
1960,5,57.135,"pr"
1960,6,13.957,"pr"
1960,7,1.194,"pr"
1960,8,25.167,"pr"
1960,9,2.788,"pr"
1960,10,58.596,"pr"
1960,11,194.957,"pr"
1960,12,103.405,"pr"
1961,1,234.915,"pr"
1961,2,333.918,"pr"
1961,3,120.446,"pr"
1961,4,63.672,"pr"
1961,5,47.261,"pr"
1961,6,17.027,"pr"
1961,7,9.475,"pr"
1961,8,0.473,"pr"
1961,9,97.78,"pr"
1961,10,49.361,"pr"
1961,11,147.497,"pr"
1961,12,206.51,"pr"
1962,1,170.618,"pr"
1962,2,106.22,"pr"
1962,3,215.375,"pr"
1962,4,86.982,"pr"
1962,5,70.22,"pr"
1962,6,95.023,"pr"
1962,7,29.639,"pr"
1962,8,1.354,"pr"
1962,9,13.066,"pr"
1962,10,79.204,"pr"
1962,11,184.533,"pr"
1962,12,138.155,"pr"
1963,1,183.293,"pr"
1963,2,58.008,"pr"
1963,3,136.563,"pr"
1963,4,85.255,"pr"
1963,5,78.569,"pr"
1963,6,35.817,"pr"
1963,7,1.887,"pr"
1963,8,0.613,"pr"
1963,9,2.855,"pr"
1963,10,120.681,"pr"
1963,11,177.462,"pr"
1963,12,121.16,"pr"
1964,1,121.129,"pr"
1964,2,137.028,"pr"
1964,3,86.354,"pr"
1964,4,115.431,"pr"
1964,5,53.179,"pr"
1964,6,21.215,"pr"
1964,7,7.761,"pr"
1964,8,25.832,"pr"
1964,9,32.599,"pr"
1964,10,101.969,"pr"
1964,11,211.863,"pr"
1964,12,159.017,"pr"
1965,1,245.511,"pr"
1965,2,31.29,"pr"
1965,3,49.013,"pr"
1965,4,60.86,"pr"
1965,5,37.028,"pr"
1965,6,4.722,"pr"
1965,7,23.587,"pr"
1965,8,9.036,"pr"
1965,9,31.948,"pr"
1965,10,7.395,"pr"
1965,11,142.897,"pr"
1965,12,162.596,"pr"
1966,1,65.983,"pr"
1966,2,42.224,"pr"
1966,3,127.731,"pr"
1966,4,84.493,"pr"
1966,5,15.702,"pr"
1966,6,11.892,"pr"
1966,7,4.902,"pr"
1966,8,13.235,"pr"
1966,9,27.524,"pr"
1966,10,169.946,"pr"
1966,11,200.614,"pr"
1966,12,246.937,"pr"
1967,1,195.35,"pr"
1967,2,242.74,"pr"
1967,3,128.337,"pr"
1967,4,200.989,"pr"
1967,5,49.665,"pr"
1967,6,10.787,"pr"
1967,7,18.21,"pr"
1967,8,2.535,"pr"
1967,9,5.975,"pr"
1967,10,55.636,"pr"
1967,11,107.172,"pr"
1967,12,61.883,"pr"
1968,1,116.207,"pr"
1968,2,250.247,"pr"
1968,3,135.348,"pr"
1968,4,164.958,"pr"
1968,5,46.185,"pr"
1968,6,20.774,"pr"
1968,7,6.759,"pr"
1968,8,0.951,"pr"
1968,9,2.387,"pr"
1968,10,31.054,"pr"
1968,11,42.348,"pr"
1968,12,239.514,"pr"
1969,1,132.623,"pr"
1969,2,204.151,"pr"
1969,3,165.355,"pr"
1969,4,115.226,"pr"
1969,5,90.716,"pr"
1969,6,28.104,"pr"
1969,7,0.862,"pr"
1969,8,0.302,"pr"
1969,9,42.352,"pr"
1969,10,89.907,"pr"
1969,11,86.376,"pr"
1969,12,144.234,"pr"
1970,1,122.322,"pr"
1970,2,131.825,"pr"
1970,3,193.017,"pr"
1970,4,122.76,"pr"
1970,5,97.928,"pr"
1970,6,34.881,"pr"
1970,7,9.714,"pr"
1970,8,1.328,"pr"
1970,9,17.349,"pr"
1970,10,48.483,"pr"
1970,11,46.155,"pr"
1970,12,91.492,"pr"
1971,1,84.7,"pr"
1971,2,22.197,"pr"
1971,3,262.661,"pr"
1971,4,76.218,"pr"
1971,5,93.386,"pr"
1971,6,7.787,"pr"
1971,7,15.778,"pr"
1971,8,14.492,"pr"
1971,9,4.772,"pr"
1971,10,87.255,"pr"
1971,11,484.904,"pr"
1971,12,156.632,"pr"
1972,1,538.448,"pr"
1972,2,92.386,"pr"
1972,3,160.791,"pr"
1972,4,56.974,"pr"
1972,5,60.149,"pr"
1972,6,51.293,"pr"
1972,7,6.411,"pr"
1972,8,1.41,"pr"
1972,9,53.732,"pr"
1972,10,53,"pr"
1972,11,101.091,"pr"
1972,12,173.459,"pr"
1973,1,225.47,"pr"
1973,2,223.822,"pr"
1973,3,197.302,"pr"
1973,4,103.359,"pr"
1973,5,62.288,"pr"
1973,6,5.601,"pr"
1973,7,2.773,"pr"
1973,8,0.941,"pr"
1973,9,28.906,"pr"
1973,10,117.338,"pr"
1973,11,183.145,"pr"
1973,12,244.182,"pr"
1974,1,80.079,"pr"
1974,2,55.499,"pr"
1974,3,157.761,"pr"
1974,4,213.052,"pr"
1974,5,57.002,"pr"
1974,6,33.291,"pr"
1974,7,41.277,"pr"
1974,8,4.548,"pr"
1974,9,30.114,"pr"
1974,10,1.201,"pr"
1974,11,177.484,"pr"
1974,12,156.243,"pr"
1975,1,29.083,"pr"
1975,2,486.3,"pr"
1975,3,97.856,"pr"
1975,4,49.923,"pr"
1975,5,19.039,"pr"
1975,6,39.198,"pr"
1975,7,3.115,"pr"
1975,8,4.43,"pr"
1975,9,19.264,"pr"
1975,10,95.008,"pr"
1975,11,84.365,"pr"
1975,12,121.746,"pr"
1976,1,99.833,"pr"
1976,2,254.547,"pr"
1976,3,148.012,"pr"
1976,4,34.295,"pr"
1976,5,38.631,"pr"
1976,6,17.488,"pr"
1976,7,2.953,"pr"
1976,8,2.58,"pr"
1976,9,16.109,"pr"
1976,10,311.241,"pr"
1976,11,230.908,"pr"
1976,12,287.569,"pr"
1977,1,301.64,"pr"
1977,2,353.203,"pr"
1977,3,138.783,"pr"
1977,4,137.814,"pr"
1977,5,93.772,"pr"
1977,6,37.542,"pr"
1977,7,16.538,"pr"
1977,8,9.337,"pr"
1977,9,22.663,"pr"
1977,10,11.899,"pr"
1977,11,107.632,"pr"
1977,12,321.409,"pr"
1978,1,184.95,"pr"
1978,2,172.678,"pr"
1978,3,165.536,"pr"
1978,4,121.053,"pr"
1978,5,104.151,"pr"
1978,6,54.56,"pr"
1978,7,2.9,"pr"
1978,8,1.612,"pr"
1978,9,22.011,"pr"
1978,10,124.074,"pr"
1978,11,266.31,"pr"
1978,12,126.491,"pr"
1979,1,187.98,"pr"
1979,2,197.98,"pr"
1979,3,137.262,"pr"
1979,4,66.434,"pr"
1979,5,73.62,"pr"
1979,6,28.335,"pr"
1979,7,3.184,"pr"
1979,8,1.211,"pr"
1979,9,11.471,"pr"
1979,10,57.525,"pr"
1979,11,172.993,"pr"
1979,12,60.844,"pr"
1980,1,332.917,"pr"
1980,2,95.403,"pr"
1980,3,75.749,"pr"
1980,4,98.365,"pr"
1980,5,29.335,"pr"
1980,6,15.008,"pr"
1980,7,13.814,"pr"
1980,8,5.44,"pr"
1980,9,19.999,"pr"
1980,10,1.916,"pr"
1980,11,145.978,"pr"
1980,12,237.822,"pr"
1981,1,198.329,"pr"
1981,2,138.607,"pr"
1981,3,155.805,"pr"
1981,4,53.478,"pr"
1981,5,62.989,"pr"
1981,6,67.832,"pr"
1981,7,27.959,"pr"
1981,8,13.229,"pr"
1981,9,39.499,"pr"
1981,10,117.067,"pr"
1981,11,109.341,"pr"
1981,12,43.019,"pr"
1982,1,188.034,"pr"
1982,2,132.581,"pr"
1982,3,131.904,"pr"
1982,4,66.221,"pr"
1982,5,20.24,"pr"
1982,6,11.393,"pr"
1982,7,3.008,"pr"
1982,8,54.992,"pr"
1982,9,53.525,"pr"
1982,10,173.234,"pr"
1982,11,116.972,"pr"
1982,12,187.382,"pr"
1983,1,127.055,"pr"
1983,2,252.448,"pr"
1983,3,158.73,"pr"
1983,4,56.37,"pr"
1983,5,118.571,"pr"
1983,6,6.545,"pr"
1983,7,2.143,"pr"
1983,8,9.919,"pr"
1983,9,9.898,"pr"
1983,10,206.292,"pr"
1983,11,92.029,"pr"
1983,12,273.419,"pr"
1984,1,229.742,"pr"
1984,2,332.521,"pr"
1984,3,226.786,"pr"
1984,4,156.633,"pr"
1984,5,23.254,"pr"
1984,6,5.496,"pr"
1984,7,2.809,"pr"
1984,8,0.201,"pr"
1984,9,23.654,"pr"
1984,10,57.3,"pr"
1984,11,206.792,"pr"
1984,12,14.854,"pr"
1985,1,209.594,"pr"
1985,2,75.938,"pr"
1985,3,88.282,"pr"
1985,4,52.295,"pr"
1985,5,9.349,"pr"
1985,6,1.385,"pr"
1985,7,0.744,"pr"
1985,8,8.345,"pr"
1985,9,35.825,"pr"
1985,10,35.023,"pr"
1985,11,314.271,"pr"
1985,12,312.458,"pr"
1986,1,331.317,"pr"
1986,2,235.705,"pr"
1986,3,291.973,"pr"
1986,4,54.437,"pr"
1986,5,104.879,"pr"
1986,6,28.084,"pr"
1986,7,1.911,"pr"
1986,8,6.618,"pr"
1986,9,0.624,"pr"
1986,10,45.789,"pr"
1986,11,169.287,"pr"
1986,12,253.968,"pr"
1987,1,167.859,"pr"
1987,2,167.723,"pr"
1987,3,84.492,"pr"
1987,4,146.324,"pr"
1987,5,46.648,"pr"
1987,6,7.92,"pr"
1987,7,0.886,"pr"
1987,8,19.252,"pr"
1987,9,60.668,"pr"
1987,10,65.306,"pr"
1987,11,64.157,"pr"
1987,12,350.441,"pr"
1988,1,311.879,"pr"
1988,2,50.796,"pr"
1988,3,146.552,"pr"
1988,4,90.217,"pr"
1988,5,41.84,"pr"
1988,6,36.249,"pr"
1988,7,0.488,"pr"
1988,8,0.883,"pr"
1988,9,23.891,"pr"
1988,10,220.534,"pr"
1988,11,82.425,"pr"
1988,12,63.005,"pr"
1989,1,125.787,"pr"
1989,2,96.043,"pr"
1989,3,51.125,"pr"
1989,4,86.68,"pr"
1989,5,115.745,"pr"
1989,6,13.848,"pr"
1989,7,1.594,"pr"
1989,8,0.508,"pr"
1989,9,0.486,"pr"
1989,10,118.758,"pr"
1989,11,12.117,"pr"
1989,12,129.968,"pr"
1990,1,151.367,"pr"
1990,2,106.115,"pr"
1990,3,122.163,"pr"
1990,4,79.808,"pr"
1990,5,22.199,"pr"
1990,6,0.77,"pr"
1990,7,37.868,"pr"
1990,8,0.833,"pr"
1990,9,0.946,"pr"
1990,10,40.901,"pr"
1990,11,166.811,"pr"
1990,12,180.581,"pr"
1991,1,302.544,"pr"
1991,2,163.059,"pr"
1991,3,237.879,"pr"
1991,4,140.194,"pr"
1991,5,45.694,"pr"
1991,6,14.43,"pr"
1991,7,0.928,"pr"
1991,8,8.683,"pr"
1991,9,12.273,"pr"
1991,10,43.981,"pr"
1991,11,167.003,"pr"
1991,12,132.861,"pr"
1992,1,157.743,"pr"
1992,2,158.773,"pr"
1992,3,59.651,"pr"
1992,4,57.821,"pr"
1992,5,111.739,"pr"
1992,6,10.031,"pr"
1992,7,7.654,"pr"
1992,8,20.916,"pr"
1992,9,48.297,"pr"
1992,10,70.589,"pr"
1992,11,247.291,"pr"
1992,12,97.327,"pr"
1993,1,253.774,"pr"
1993,2,204.881,"pr"
1993,3,129.905,"pr"
1993,4,117.999,"pr"
1993,5,26.589,"pr"
1993,6,79.003,"pr"
1993,7,3.094,"pr"
1993,8,4.458,"pr"
1993,9,5.781,"pr"
1993,10,41.47,"pr"
1993,11,380.938,"pr"
1993,12,204.328,"pr"
1994,1,97.204,"pr"
1994,2,29.552,"pr"
1994,3,163.099,"pr"
1994,4,88.68,"pr"
1994,5,58.071,"pr"
1994,6,143.081,"pr"
1994,7,19.831,"pr"
1994,8,1.273,"pr"
1994,9,15.385,"pr"
1994,10,270.98,"pr"
1994,11,46.771,"pr"
1994,12,246.941,"pr"
1995,1,88.201,"pr"
1995,2,135.824,"pr"
1995,3,141.691,"pr"
1995,4,139.265,"pr"
1995,5,41.325,"pr"
1995,6,58.545,"pr"
1995,7,7.086,"pr"
1995,8,22.615,"pr"
1995,9,15.919,"pr"
1995,10,78.367,"pr"
1995,11,112.235,"pr"
1995,12,115.533,"pr"
1996,1,77.088,"pr"
1996,2,73.261,"pr"
1996,3,154.685,"pr"
1996,4,115.077,"pr"
1996,5,90.64,"pr"
1996,6,10.149,"pr"
1996,7,28.418,"pr"
1996,8,3.856,"pr"
1996,9,41.838,"pr"
1996,10,111.061,"pr"
1996,11,46.367,"pr"
1996,12,114.707,"pr"
1997,1,219.026,"pr"
1997,2,108.6,"pr"
1997,3,73.205,"pr"
1997,4,87.668,"pr"
1997,5,5.688,"pr"
1997,6,21.971,"pr"
1997,7,1.141,"pr"
1997,8,22.881,"pr"
1997,9,5.652,"pr"
1997,10,114.915,"pr"
1997,11,20.38,"pr"
1997,12,97.553,"pr"
1998,1,129.301,"pr"
1998,2,115.785,"pr"
1998,3,77.389,"pr"
1998,4,85.256,"pr"
1998,5,56.235,"pr"
1998,6,16.941,"pr"
1998,7,2.148,"pr"
1998,8,0.624,"pr"
1998,9,1.566,"pr"
1998,10,159.988,"pr"
1998,11,91.048,"pr"
1998,12,200.756,"pr"
1999,1,457.437,"pr"
1999,2,175.718,"pr"
1999,3,61.503,"pr"
1999,4,120.739,"pr"
1999,5,28.435,"pr"
1999,6,2.36,"pr"
1999,7,5.48,"pr"
1999,8,1.882,"pr"
1999,9,8.034,"pr"
1999,10,72.465,"pr"
1999,11,304.309,"pr"
1999,12,336.109,"pr"
2000,1,294.597,"pr"
2000,2,217.563,"pr"
2000,3,233.538,"pr"
2000,4,174.645,"pr"
2000,5,137.228,"pr"
2000,6,25.205,"pr"
2000,7,1.161,"pr"
2000,8,0.558,"pr"
2000,9,0.657,"pr"
2000,10,136.853,"pr"
2000,11,75.062,"pr"
2000,12,152.365,"pr"
2001,1,176.163,"pr"
2001,2,286.159,"pr"
2001,3,219.625,"pr"
2001,4,88.612,"pr"
2001,5,74.726,"pr"
2001,6,10.107,"pr"
2001,7,2.81,"pr"
2001,8,3.248,"pr"
2001,9,28.121,"pr"
2001,10,93.363,"pr"
2001,11,42.35,"pr"
2001,12,228.167,"pr"
2002,1,24.307,"pr"
2002,2,201.756,"pr"
2002,3,119.259,"pr"
2002,4,87.696,"pr"
2002,5,25.156,"pr"
2002,6,22.626,"pr"
2002,7,1.997,"pr"
2002,8,9.604,"pr"
2002,9,46.14,"pr"
2002,10,205.747,"pr"
2002,11,203.366,"pr"
2002,12,53.207,"pr"
2003,1,128.97,"pr"
2003,2,172.053,"pr"
2003,3,267.909,"pr"
2003,4,117.968,"pr"
2003,5,38.734,"pr"
2003,6,6.04,"pr"
2003,7,0.403,"pr"
2003,8,0.516,"pr"
2003,9,37.077,"pr"
2003,10,141.406,"pr"
2003,11,213.705,"pr"
2003,12,468.07,"pr"
2004,1,113.777,"pr"
2004,2,216.237,"pr"
2004,3,107.445,"pr"
2004,4,118.41,"pr"
2004,5,54.653,"pr"
2004,6,42.317,"pr"
2004,7,1.124,"pr"
2004,8,16.254,"pr"
2004,9,110.785,"pr"
2004,10,106.626,"pr"
2004,11,221.143,"pr"
2004,12,339.509,"pr"
2005,1,192.024,"pr"
2005,2,106.24,"pr"
2005,3,130.973,"pr"
2005,4,102.646,"pr"
2005,5,83.147,"pr"
2005,6,9.858,"pr"
2005,7,26.791,"pr"
2005,8,14.528,"pr"
2005,9,34.944,"pr"
2005,10,143.026,"pr"
2005,11,79.039,"pr"
2005,12,211.151,"pr"
2006,1,103.183,"pr"
2006,2,128.787,"pr"
2006,3,118.853,"pr"
2006,4,62.059,"pr"
2006,5,46.082,"pr"
2006,6,88.871,"pr"
2006,7,1.733,"pr"
2006,8,8.385,"pr"
2006,9,8.409,"pr"
2006,10,97.896,"pr"
2006,11,130.473,"pr"
2006,12,362.451,"pr"
2007,1,135.851,"pr"
2007,2,26.074,"pr"
2007,3,97.86,"pr"
2007,4,79.33,"pr"
2007,5,59.559,"pr"
2007,6,30.157,"pr"
2007,7,7.109,"pr"
2007,8,0.552,"pr"
2007,9,17.963,"pr"
2007,10,93.749,"pr"
2007,11,46.382,"pr"
2007,12,95.83,"pr"
2008,1,273.897,"pr"
2008,2,65.476,"pr"
2008,3,124.601,"pr"
2008,4,92.043,"pr"
2008,5,46.411,"pr"
2008,6,23.995,"pr"
2008,7,12.853,"pr"
2008,8,37.419,"pr"
2008,9,59.932,"pr"
2008,10,22.013,"pr"
2008,11,155.324,"pr"
2008,12,160.979,"pr"
2009,1,126.248,"pr"
2009,2,153.369,"pr"
2009,3,86.017,"pr"
2009,4,13.783,"pr"
2009,5,18.01,"pr"
2009,6,55.425,"pr"
2009,7,6.789,"pr"
2009,8,1.368,"pr"
2009,9,1.667,"pr"
2009,10,144.708,"pr"
2009,11,138.015,"pr"
2009,12,54.899,"pr"
2010,1,180.263,"pr"
2010,2,64.101,"pr"
2010,3,117.383,"pr"
2010,4,119.508,"pr"
2010,5,9.77,"pr"
2010,6,15.252,"pr"
2010,7,0.479,"pr"
2010,8,0.51,"pr"
2010,9,8.675,"pr"
2010,10,74.265,"pr"
2010,11,233.171,"pr"
2010,12,163.354,"pr"
2011,1,159.078,"pr"
2011,2,253.092,"pr"
2011,3,90.595,"pr"
2011,4,13.998,"pr"
2011,5,41.529,"pr"
2011,6,38.066,"pr"
2011,7,3.241,"pr"
2011,8,7.702,"pr"
2011,9,69.679,"pr"
2011,10,115.132,"pr"
2011,11,110.24,"pr"
2011,12,260.021,"pr"
2012,1,274.046,"pr"
2012,2,177.95,"pr"
2012,3,165.324,"pr"
2012,4,99.773,"pr"
2012,5,11.988,"pr"
2012,6,43.382,"pr"
2012,7,3.216,"pr"
2012,8,0.657,"pr"
2012,9,9.333,"pr"
2012,10,52.397,"pr"
2012,11,287.571,"pr"
2012,12,102.597,"pr"
2013,1,105.413,"pr"
2013,2,114.142,"pr"
2013,3,117.466,"pr"
2013,4,83.962,"pr"
2013,5,69.673,"pr"
2013,6,25.488,"pr"
2013,7,0.706,"pr"
2013,8,0.726,"pr"
2013,9,14.258,"pr"
2013,10,46.175,"pr"
2013,11,66.71,"pr"
2013,12,78.204,"pr"
2014,1,61.573,"pr"
2014,2,248.334,"pr"
2014,3,102.034,"pr"
2014,4,111.81,"pr"
2014,5,52.131,"pr"
2014,6,71.106,"pr"
2014,7,7.113,"pr"
2014,8,2.969,"pr"
2014,9,47.797,"pr"
2014,10,75.262,"pr"
2014,11,4.576,"pr"
2014,12,105.231,"pr"
2015,1,461.362,"pr"
2015,2,201.119,"pr"
2015,3,159.829,"pr"
2015,4,94.386,"pr"
2015,5,156.53,"pr"
2015,6,1.51,"pr"
2015,7,16.815,"pr"
2015,8,2.177,"pr"
2015,9,1.339,"pr"
2015,10,201.846,"pr"
2015,11,181.504,"pr"
2015,12,192.138,"pr"
2016,1,282.785,"pr"
2016,2,146.076,"pr"
2016,3,217.114,"pr"
2016,4,116.71,"pr"
2016,5,26.342,"pr"
2016,6,15.003,"pr"
2016,7,0.377,"pr"
2016,8,0.329,"pr"
2016,9,0.934,"pr"
2016,10,65.689,"pr"
2016,11,36.018,"pr"
2016,12,107.887,"pr"
2017,1,196.442,"pr"
2017,2,190.919,"pr"
2017,3,201.638,"pr"
2017,4,61.969,"pr"
2017,5,16.877,"pr"
2017,6,1.652,"pr"
2017,7,0.563,"pr"
2017,8,8.02,"pr"
2017,9,6.465,"pr"
2017,10,126.61,"pr"
2017,11,233.236,"pr"
2017,12,179.859,"pr"
2018,1,191.998,"pr"
2018,2,61.239,"pr"
2018,3,190.805,"pr"
2018,4,140.596,"pr"
2018,5,44.082,"pr"
2018,6,56.806,"pr"
2018,7,7.501,"pr"
2018,8,12.72,"pr"
2018,9,4.727,"pr"
2018,10,91.491,"pr"
2018,11,97.085,"pr"
2018,12,156.34,"pr"
2019,1,59.718,"pr"
2019,2,258.452,"pr"
2019,3,156.626,"pr"
2019,4,28.323,"pr"
2019,5,18.41,"pr"
2019,6,6.576,"pr"
2019,7,5.884,"pr"
2019,8,1.892,"pr"
2019,9,4.193,"pr"
2019,10,210.592,"pr"
2019,11,75.592,"pr"
2019,12,86.835,"pr"
2020,1,523.541,"pr"
2020,2,186.876,"pr"
2020,3,189.803,"pr"
2020,4,86.269,"pr"
2020,5,36.084,"pr"
2020,6,24.03,"pr"
2020,7,5.309,"pr"
2020,8,0.759,"pr"
2020,9,0.598,"pr"
2020,10,98.978,"pr"
2020,11,265.77,"pr"
2020,12,287.489,"pr"
2021,1,235.836,"pr"
2021,2,93.928,"pr"
2021,3,98.532,"pr"
2021,4,53.925,"pr"
2021,5,42.86,"pr"
2021,6,6.422,"pr"
2021,7,9.953,"pr"
2021,8,1.141,"pr"
2021,9,0.931,"pr"
2021,10,134.3,"pr"
2021,11,170.988,"pr"
2021,12,65.564,"pr"
2022,1,130.263,"pr"
2022,2,223.472,"pr"
2022,3,103.966,"pr"
2022,4,132.712,"pr"
2022,5,24.792,"pr"
2022,6,2.128,"pr"
2022,7,0.654,"pr"
2022,8,1.052,"pr"
2022,9,5.888,"pr"
2022,10,32.461,"pr"
2022,11,132.494,"pr"
2022,12,185.014,"pr"
2023,1,420.229,"pr"
2023,2,324.13,"pr"
2023,3,48.991,"pr"
2023,4,70.924,"pr"
2023,5,73.287,"pr"
2023,6,43.141,"pr"
2023,7,6.753,"pr"
2023,8,0.424,"pr"
2023,9,1.071,"pr"
2023,10,46.719,"pr"
2023,11,279.119,"pr"
2023,12,110.122,"pr"
2024,1,56.067,"pr"
2024,2,186.224,"pr"
2024,3,183.681,"pr"
2024,4,54.796,"pr"
2024,5,4.384,"pr"
2024,6,0.417,"pr"
2024,7,1.091,"pr"
2024,8,16.172,"pr"
2024,9,17.138,"pr"
2024,10,197.357,"pr"
2024,11,81.597,"pr"
2024,12,227.088,"pr"
2025,1,249.464,"pr"
2025,2,99.199,"pr"
2025,3,121.599,"pr"
2025,4,33.698,"pr"
2025,5,18.35,"pr"
2025,6,30.461,"pr"
2025,7,6.894,"pr"
2025,8,0.487,"pr"
2025,9,74.861,"pr"
2025,10,41.999,"pr"
2025,11,144.612,"pr"
2025,12,55.688,"pr"
2026,1,244.959,"pr"
2026,2,65.164,"pr"
2026,3,106.247,"pr"
2026,4,69.648,"pr"
2026,5,78.857,"pr"
2026,6,18.868,"pr"
2026,7,0.394,"pr"
2026,8,0.388,"pr"
2026,9,3.812,"pr"
2026,10,142.275,"pr"
2026,11,323.459,"pr"
2026,12,146.031,"pr"
2027,1,132.376,"pr"
2027,2,188.464,"pr"
2027,3,53.74,"pr"
2027,4,35.445,"pr"
2027,5,8.438,"pr"
2027,6,60.423,"pr"
2027,7,13.689,"pr"
2027,8,0.769,"pr"
2027,9,1.561,"pr"
2027,10,25.106,"pr"
2027,11,129.286,"pr"
2027,12,225.938,"pr"
2028,1,308.328,"pr"
2028,2,214.465,"pr"
2028,3,41.381,"pr"
2028,4,157.655,"pr"
2028,5,30.211,"pr"
2028,6,9.738,"pr"
2028,7,0.662,"pr"
2028,8,2.06,"pr"
2028,9,10.826,"pr"
2028,10,185.931,"pr"
2028,11,304.297,"pr"
2028,12,266.783,"pr"
2029,1,89.32,"pr"
2029,2,190.5,"pr"
2029,3,143.367,"pr"
2029,4,80.6,"pr"
2029,5,28.995,"pr"
2029,6,23.425,"pr"
2029,7,9.619,"pr"
2029,8,4.04,"pr"
2029,9,33.751,"pr"
2029,10,63.751,"pr"
2029,11,124.03,"pr"
2029,12,286.933,"pr"
2030,1,152.101,"pr"
2030,2,204.509,"pr"
2030,3,114.075,"pr"
2030,4,52.877,"pr"
2030,5,11.475,"pr"
2030,6,16.909,"pr"
2030,7,5.329,"pr"
2030,8,4.59,"pr"
2030,9,24.088,"pr"
2030,10,1.83,"pr"
2030,11,111.881,"pr"
2030,12,144.423,"pr"
2031,1,200.588,"pr"
2031,2,155.642,"pr"
2031,3,133.236,"pr"
2031,4,98.878,"pr"
2031,5,23.314,"pr"
2031,6,63.311,"pr"
2031,7,24.008,"pr"
2031,8,8.924,"pr"
2031,9,14.91,"pr"
2031,10,149.092,"pr"
2031,11,233.337,"pr"
2031,12,303.043,"pr"
2032,1,183.376,"pr"
2032,2,162.405,"pr"
2032,3,197.876,"pr"
2032,4,123.588,"pr"
2032,5,27.23,"pr"
2032,6,1.065,"pr"
2032,7,1.667,"pr"
2032,8,0.342,"pr"
2032,9,10.349,"pr"
2032,10,88.206,"pr"
2032,11,246.47,"pr"
2032,12,215.09,"pr"
2033,1,187.49,"pr"
2033,2,88.792,"pr"
2033,3,50.215,"pr"
2033,4,288.18,"pr"
2033,5,75.052,"pr"
2033,6,21.054,"pr"
2033,7,2.556,"pr"
2033,8,0.623,"pr"
2033,9,10.727,"pr"
2033,10,102.832,"pr"
2033,11,127.118,"pr"
2033,12,302.494,"pr"
2034,1,310.884,"pr"
2034,2,314.679,"pr"
2034,3,160.636,"pr"
2034,4,137.6,"pr"
2034,5,26.965,"pr"
2034,6,1.776,"pr"
2034,7,0.558,"pr"
2034,8,2.955,"pr"
2034,9,1.579,"pr"
2034,10,227.179,"pr"
2034,11,204.673,"pr"
2034,12,70.121,"pr"
2035,1,103.881,"pr"
2035,2,87.857,"pr"
2035,3,95.474,"pr"
2035,4,114.551,"pr"
2035,5,57.965,"pr"
2035,6,35.866,"pr"
2035,7,2.423,"pr"
2035,8,2.983,"pr"
2035,9,4.42,"pr"
2035,10,11.25,"pr"
2035,11,140.516,"pr"
2035,12,281.39,"pr"
2036,1,84.319,"pr"
2036,2,260.326,"pr"
2036,3,164.086,"pr"
2036,4,63.103,"pr"
2036,5,54.937,"pr"
2036,6,5.187,"pr"
2036,7,0.414,"pr"
2036,8,5.391,"pr"
2036,9,8.694,"pr"
2036,10,160.834,"pr"
2036,11,56.884,"pr"
2036,12,211.573,"pr"
2037,1,300.276,"pr"
2037,2,268.042,"pr"
2037,3,203.174,"pr"
2037,4,208.988,"pr"
2037,5,61.229,"pr"
2037,6,3.526,"pr"
2037,7,2.456,"pr"
2037,8,0.236,"pr"
2037,9,2.47,"pr"
2037,10,104.833,"pr"
2037,11,103.112,"pr"
2037,12,334.911,"pr"
2038,1,276.916,"pr"
2038,2,10.529,"pr"
2038,3,126.129,"pr"
2038,4,85.927,"pr"
2038,5,99.18,"pr"
2038,6,28.643,"pr"
2038,7,6.625,"pr"
2038,8,9.274,"pr"
2038,9,5.388,"pr"
2038,10,30.23,"pr"
2038,11,233.335,"pr"
2038,12,68.961,"pr"
2039,1,42.309,"pr"
2039,2,112.223,"pr"
2039,3,79.837,"pr"
2039,4,107.55,"pr"
2039,5,58.487,"pr"
2039,6,12.953,"pr"
2039,7,1.25,"pr"
2039,8,18.781,"pr"
2039,9,4.528,"pr"
2039,10,46.498,"pr"
2039,11,173.434,"pr"
2039,12,69.126,"pr"
2040,1,221.15,"pr"
2040,2,187.954,"pr"
2040,3,128.178,"pr"
2040,4,189.989,"pr"
2040,5,61.604,"pr"
2040,6,16.489,"pr"
2040,7,0.917,"pr"
2040,8,2.034,"pr"
2040,9,1.909,"pr"
2040,10,17.128,"pr"
2040,11,197.068,"pr"
2040,12,238.252,"pr"
2041,1,308.183,"pr"
2041,2,77.589,"pr"
2041,3,274.081,"pr"
2041,4,85.138,"pr"
2041,5,80.722,"pr"
2041,6,58.977,"pr"
2041,7,1.167,"pr"
2041,8,2.739,"pr"
2041,9,3.225,"pr"
2041,10,71.376,"pr"
2041,11,265.639,"pr"
2041,12,132.097,"pr"
2042,1,237.044,"pr"
2042,2,220.624,"pr"
2042,3,64.462,"pr"
2042,4,95.351,"pr"
2042,5,35.143,"pr"
2042,6,7.738,"pr"
2042,7,0.257,"pr"
2042,8,0.151,"pr"
2042,9,69.686,"pr"
2042,10,31.708,"pr"
2042,11,113.409,"pr"
2042,12,335.759,"pr"
2043,1,47.49,"pr"
2043,2,122.732,"pr"
2043,3,108.344,"pr"
2043,4,42.192,"pr"
2043,5,25.253,"pr"
2043,6,5.178,"pr"
2043,7,20.584,"pr"
2043,8,10.82,"pr"
2043,9,28.462,"pr"
2043,10,2.001,"pr"
2043,11,102.711,"pr"
2043,12,360.215,"pr"
2044,1,217.534,"pr"
2044,2,246.74,"pr"
2044,3,244.31,"pr"
2044,4,130.269,"pr"
2044,5,83.167,"pr"
2044,6,4.342,"pr"
2044,7,0.681,"pr"
2044,8,4.583,"pr"
2044,9,5.227,"pr"
2044,10,20.921,"pr"
2044,11,91.542,"pr"
2044,12,320.329,"pr"
2045,1,26.757,"pr"
2045,2,117.931,"pr"
2045,3,108.833,"pr"
2045,4,134.357,"pr"
2045,5,43.11,"pr"
2045,6,5.025,"pr"
2045,7,1.168,"pr"
2045,8,5.564,"pr"
2045,9,4.506,"pr"
2045,10,1.255,"pr"
2045,11,117.235,"pr"
2045,12,59.344,"pr"
2046,1,207.209,"pr"
2046,2,186.747,"pr"
2046,3,153.468,"pr"
2046,4,72.836,"pr"
2046,5,38.069,"pr"
2046,6,37.589,"pr"
2046,7,5.233,"pr"
2046,8,4.202,"pr"
2046,9,5.849,"pr"
2046,10,60.882,"pr"
2046,11,178.972,"pr"
2046,12,93.106,"pr"
2047,1,279.047,"pr"
2047,2,123.434,"pr"
2047,3,90.645,"pr"
2047,4,84.159,"pr"
2047,5,36.058,"pr"
2047,6,7.982,"pr"
2047,7,21.664,"pr"
2047,8,0.418,"pr"
2047,9,23.396,"pr"
2047,10,113.719,"pr"
2047,11,125.769,"pr"
2047,12,355.778,"pr"
2048,1,207.664,"pr"
2048,2,227.491,"pr"
2048,3,84.289,"pr"
2048,4,56.309,"pr"
2048,5,7.149,"pr"
2048,6,0.635,"pr"
2048,7,1.301,"pr"
2048,8,20.322,"pr"
2048,9,12.759,"pr"
2048,10,39.548,"pr"
2048,11,111.926,"pr"
2048,12,248.342,"pr"
2049,1,130.839,"pr"
2049,2,147.701,"pr"
2049,3,106.189,"pr"
2049,4,111.669,"pr"
2049,5,61.637,"pr"
2049,6,65.374,"pr"
2049,7,23.378,"pr"
2049,8,1.111,"pr"
2049,9,14.3,"pr"
2049,10,127.966,"pr"
2049,11,119.741,"pr"
2049,12,166.747,"pr"
2050,1,226.386,"pr"
2050,2,163.487,"pr"
2050,3,276.595,"pr"
2050,4,48.766,"pr"
2050,5,102.113,"pr"
2050,6,26.781,"pr"
2050,7,1.297,"pr"
2050,8,0.515,"pr"
2050,9,22.791,"pr"
2050,10,115.532,"pr"
2050,11,268.481,"pr"
2050,12,293.297,"pr"
2051,1,110.034,"pr"
2051,2,48.309,"pr"
2051,3,157.919,"pr"
2051,4,51.471,"pr"
2051,5,11.38,"pr"
2051,6,0.563,"pr"
2051,7,5.669,"pr"
2051,8,17.037,"pr"
2051,9,0.597,"pr"
2051,10,11.83,"pr"
2051,11,209.885,"pr"
2051,12,40.156,"pr"
2052,1,124.19,"pr"
2052,2,318.421,"pr"
2052,3,92.929,"pr"
2052,4,107.135,"pr"
2052,5,48.28,"pr"
2052,6,56.355,"pr"
2052,7,1.673,"pr"
2052,8,8.123,"pr"
2052,9,7.561,"pr"
2052,10,139.533,"pr"
2052,11,200.428,"pr"
2052,12,274.716,"pr"
2053,1,171.464,"pr"
2053,2,163.87,"pr"
2053,3,229.2,"pr"
2053,4,67.422,"pr"
2053,5,141.711,"pr"
2053,6,27.012,"pr"
2053,7,6.855,"pr"
2053,8,3.122,"pr"
2053,9,3.512,"pr"
2053,10,34.015,"pr"
2053,11,125.165,"pr"
2053,12,204.149,"pr"
2054,1,81.748,"pr"
2054,2,182.566,"pr"
2054,3,54.481,"pr"
2054,4,39.051,"pr"
2054,5,41.174,"pr"
2054,6,40.752,"pr"
2054,7,0.752,"pr"
2054,8,0.523,"pr"
2054,9,1.917,"pr"
2054,10,36.062,"pr"
2054,11,103.144,"pr"
2054,12,251.359,"pr"
2055,1,119.696,"pr"
2055,2,74.4,"pr"
2055,3,32.812,"pr"
2055,4,85.44,"pr"
2055,5,106.47,"pr"
2055,6,12.049,"pr"
2055,7,0.376,"pr"
2055,8,13.742,"pr"
2055,9,38.905,"pr"
2055,10,0.86,"pr"
2055,11,148.253,"pr"
2055,12,246.282,"pr"
2056,1,168.738,"pr"
2056,2,259.293,"pr"
2056,3,97.699,"pr"
2056,4,80.701,"pr"
2056,5,100.894,"pr"
2056,6,1.74,"pr"
2056,7,4.651,"pr"
2056,8,72.348,"pr"
2056,9,57.309,"pr"
2056,10,16.042,"pr"
2056,11,191.115,"pr"
2056,12,327.668,"pr"
2057,1,77.469,"pr"
2057,2,57.415,"pr"
2057,3,42.686,"pr"
2057,4,163.992,"pr"
2057,5,7.999,"pr"
2057,6,26.917,"pr"
2057,7,1.143,"pr"
2057,8,0.75,"pr"
2057,9,1.458,"pr"
2057,10,92.189,"pr"
2057,11,145.696,"pr"
2057,12,320.407,"pr"
2058,1,177.149,"pr"
2058,2,189.18,"pr"
2058,3,140.165,"pr"
2058,4,162.612,"pr"
2058,5,82.53,"pr"
2058,6,4.61,"pr"
2058,7,0.654,"pr"
2058,8,1.012,"pr"
2058,9,14.74,"pr"
2058,10,37.977,"pr"
2058,11,54.69,"pr"
2058,12,280.912,"pr"
2059,1,188.416,"pr"
2059,2,294.947,"pr"
2059,3,39.202,"pr"
2059,4,78.738,"pr"
2059,5,47.039,"pr"
2059,6,1.649,"pr"
2059,7,24.138,"pr"
2059,8,4.164,"pr"
2059,9,22.019,"pr"
2059,10,77.716,"pr"
2059,11,205.499,"pr"
2059,12,141.052,"pr"
2060,1,165.292,"pr"
2060,2,76.71,"pr"
2060,3,186.747,"pr"
2060,4,143.919,"pr"
2060,5,60.065,"pr"
2060,6,35.554,"pr"
2060,7,2.054,"pr"
2060,8,1.916,"pr"
2060,9,4.834,"pr"
2060,10,94.653,"pr"
2060,11,141.589,"pr"
2060,12,135.319,"pr"
2061,1,199.616,"pr"
2061,2,101.265,"pr"
2061,3,170.705,"pr"
2061,4,43.621,"pr"
2061,5,30.35,"pr"
2061,6,10.449,"pr"
2061,7,1.454,"pr"
2061,8,0.307,"pr"
2061,9,36.951,"pr"
2061,10,1.853,"pr"
2061,11,89.607,"pr"
2061,12,108.413,"pr"
2062,1,202.205,"pr"
2062,2,188.94,"pr"
2062,3,130.058,"pr"
2062,4,130.453,"pr"
2062,5,57.254,"pr"
2062,6,3.428,"pr"
2062,7,1.222,"pr"
2062,8,24.389,"pr"
2062,9,20.965,"pr"
2062,10,39.735,"pr"
2062,11,17.489,"pr"
2062,12,96.568,"pr"
2063,1,228.047,"pr"
2063,2,118.678,"pr"
2063,3,115.444,"pr"
2063,4,89.688,"pr"
2063,5,69.163,"pr"
2063,6,0.706,"pr"
2063,7,18.765,"pr"
2063,8,7.916,"pr"
2063,9,18.374,"pr"
2063,10,116.444,"pr"
2063,11,207.054,"pr"
2063,12,404.385,"pr"
2064,1,303.644,"pr"
2064,2,204.65,"pr"
2064,3,295.659,"pr"
2064,4,153.371,"pr"
2064,5,45.771,"pr"
2064,6,18.105,"pr"
2064,7,18.115,"pr"
2064,8,14.418,"pr"
2064,9,0.632,"pr"
2064,10,41.55,"pr"
2064,11,111.862,"pr"
2064,12,79.347,"pr"
2065,1,99.758,"pr"
2065,2,42.523,"pr"
2065,3,93.161,"pr"
2065,4,88.899,"pr"
2065,5,5.958,"pr"
2065,6,2.645,"pr"
2065,7,3.227,"pr"
2065,8,0.693,"pr"
2065,9,7.326,"pr"
2065,10,33.614,"pr"
2065,11,13.98,"pr"
2065,12,248.011,"pr"
2066,1,97.705,"pr"
2066,2,210.505,"pr"
2066,3,146.378,"pr"
2066,4,99.883,"pr"
2066,5,31.637,"pr"
2066,6,84.96,"pr"
2066,7,16.463,"pr"
2066,8,22.111,"pr"
2066,9,1.595,"pr"
2066,10,64.156,"pr"
2066,11,103.79,"pr"
2066,12,202.831,"pr"
2067,1,251.773,"pr"
2067,2,84.943,"pr"
2067,3,109.951,"pr"
2067,4,87.032,"pr"
2067,5,88.257,"pr"
2067,6,1.968,"pr"
2067,7,5.014,"pr"
2067,8,18.054,"pr"
2067,9,5.465,"pr"
2067,10,34.869,"pr"
2067,11,16.011,"pr"
2067,12,222.718,"pr"
2068,1,373.086,"pr"
2068,2,155.416,"pr"
2068,3,115.074,"pr"
2068,4,68.772,"pr"
2068,5,42.876,"pr"
2068,6,1.609,"pr"
2068,7,0.157,"pr"
2068,8,0.739,"pr"
2068,9,5.796,"pr"
2068,10,56.714,"pr"
2068,11,130.802,"pr"
2068,12,88.217,"pr"
2069,1,180.54,"pr"
2069,2,203.858,"pr"
2069,3,118.765,"pr"
2069,4,30.273,"pr"
2069,5,37.174,"pr"
2069,6,2.762,"pr"
2069,7,0.17,"pr"
2069,8,9.545,"pr"
2069,9,36.885,"pr"
2069,10,55.464,"pr"
2069,11,192.134,"pr"
2069,12,131.141,"pr"
2070,1,101.656,"pr"
2070,2,111.757,"pr"
2070,3,108.629,"pr"
2070,4,132.294,"pr"
2070,5,30.107,"pr"
2070,6,3.949,"pr"
2070,7,4.528,"pr"
2070,8,20.941,"pr"
2070,9,16.832,"pr"
2070,10,42.695,"pr"
2070,11,58.558,"pr"
2070,12,275.51,"pr"
2071,1,338.662,"pr"
2071,2,85.466,"pr"
2071,3,73.481,"pr"
2071,4,104.117,"pr"
2071,5,12.583,"pr"
2071,6,1.941,"pr"
2071,7,2.657,"pr"
2071,8,11.213,"pr"
2071,9,68.987,"pr"
2071,10,17.526,"pr"
2071,11,352.341,"pr"
2071,12,208.108,"pr"
2072,1,157.629,"pr"
2072,2,47.845,"pr"
2072,3,137.326,"pr"
2072,4,111.764,"pr"
2072,5,74.689,"pr"
2072,6,0.664,"pr"
2072,7,0.541,"pr"
2072,8,0.807,"pr"
2072,9,38.348,"pr"
2072,10,19.445,"pr"
2072,11,204.857,"pr"
2072,12,86.868,"pr"
2073,1,141.217,"pr"
2073,2,38.135,"pr"
2073,3,127.77,"pr"
2073,4,131.7,"pr"
2073,5,28.883,"pr"
2073,6,13.1,"pr"
2073,7,0.121,"pr"
2073,8,2.769,"pr"
2073,9,0.492,"pr"
2073,10,43.455,"pr"
2073,11,229.036,"pr"
2073,12,281.682,"pr"
2074,1,62.775,"pr"
2074,2,92.263,"pr"
2074,3,106.121,"pr"
2074,4,65.108,"pr"
2074,5,42.815,"pr"
2074,6,18.849,"pr"
2074,7,2.616,"pr"
2074,8,1.369,"pr"
2074,9,45.041,"pr"
2074,10,82.88,"pr"
2074,11,90.573,"pr"
2074,12,312.042,"pr"
2075,1,200.718,"pr"
2075,2,233.623,"pr"
2075,3,16.957,"pr"
2075,4,78.52,"pr"
2075,5,80.905,"pr"
2075,6,13.517,"pr"
2075,7,4.653,"pr"
2075,8,2.049,"pr"
2075,9,6.947,"pr"
2075,10,51.351,"pr"
2075,11,340.274,"pr"
2075,12,146.714,"pr"
2076,1,170.113,"pr"
2076,2,137.88,"pr"
2076,3,52.731,"pr"
2076,4,153.448,"pr"
2076,5,51.807,"pr"
2076,6,1.738,"pr"
2076,7,1.385,"pr"
2076,8,6.832,"pr"
2076,9,14.23,"pr"
2076,10,140.168,"pr"
2076,11,273.441,"pr"
2076,12,172.264,"pr"
2077,1,288.588,"pr"
2077,2,156.735,"pr"
2077,3,108.284,"pr"
2077,4,100.195,"pr"
2077,5,74.015,"pr"
2077,6,4.048,"pr"
2077,7,1.55,"pr"
2077,8,0.069,"pr"
2077,9,1.524,"pr"
2077,10,117.241,"pr"
2077,11,91.67,"pr"
2077,12,55.102,"pr"
2078,1,319.95,"pr"
2078,2,266.442,"pr"
2078,3,163.618,"pr"
2078,4,43.417,"pr"
2078,5,41.288,"pr"
2078,6,2.21,"pr"
2078,7,0.552,"pr"
2078,8,0.196,"pr"
2078,9,0.357,"pr"
2078,10,54.618,"pr"
2078,11,107.899,"pr"
2078,12,209.196,"pr"
2079,1,168.394,"pr"
2079,2,191.304,"pr"
2079,3,89.441,"pr"
2079,4,69.915,"pr"
2079,5,61.799,"pr"
2079,6,25.447,"pr"
2079,7,1.456,"pr"
2079,8,12.292,"pr"
2079,9,0.303,"pr"
2079,10,15.433,"pr"
2079,11,40.743,"pr"
2079,12,227.483,"pr"
2080,1,257.324,"pr"
2080,2,189.779,"pr"
2080,3,121.571,"pr"
2080,4,117.525,"pr"
2080,5,153.232,"pr"
2080,6,7.251,"pr"
2080,7,8.308,"pr"
2080,8,13.307,"pr"
2080,9,6.503,"pr"
2080,10,19.036,"pr"
2080,11,336.558,"pr"
2080,12,327.94,"pr"
2081,1,87.237,"pr"
2081,2,89.767,"pr"
2081,3,227.968,"pr"
2081,4,76.367,"pr"
2081,5,57,"pr"
2081,6,41.899,"pr"
2081,7,0.883,"pr"
2081,8,29.729,"pr"
2081,9,10.39,"pr"
2081,10,164.771,"pr"
2081,11,223.159,"pr"
2081,12,182.034,"pr"
2082,1,111.02,"pr"
2082,2,218.409,"pr"
2082,3,38.301,"pr"
2082,4,68.222,"pr"
2082,5,40.846,"pr"
2082,6,16.486,"pr"
2082,7,0.52,"pr"
2082,8,0.381,"pr"
2082,9,11.826,"pr"
2082,10,79.06,"pr"
2082,11,187,"pr"
2082,12,450.422,"pr"
2083,1,37.827,"pr"
2083,2,201.354,"pr"
2083,3,74.954,"pr"
2083,4,166.06,"pr"
2083,5,31.723,"pr"
2083,6,10.925,"pr"
2083,7,0.387,"pr"
2083,8,40.388,"pr"
2083,9,61.328,"pr"
2083,10,140.461,"pr"
2083,11,164.466,"pr"
2083,12,281.3,"pr"
2084,1,197.541,"pr"
2084,2,83.086,"pr"
2084,3,136.036,"pr"
2084,4,203.909,"pr"
2084,5,68.522,"pr"
2084,6,20.84,"pr"
2084,7,14.081,"pr"
2084,8,9.149,"pr"
2084,9,52.687,"pr"
2084,10,37.613,"pr"
2084,11,38.704,"pr"
2084,12,190.337,"pr"
2085,1,176.983,"pr"
2085,2,250.686,"pr"
2085,3,276.212,"pr"
2085,4,76.303,"pr"
2085,5,20.485,"pr"
2085,6,8.451,"pr"
2085,7,3.53,"pr"
2085,8,1.767,"pr"
2085,9,69.694,"pr"
2085,10,97.126,"pr"
2085,11,49.085,"pr"
2085,12,174.91,"pr"
2086,1,284.922,"pr"
2086,2,48.404,"pr"
2086,3,46.588,"pr"
2086,4,51.852,"pr"
2086,5,24.943,"pr"
2086,6,16.562,"pr"
2086,7,0.756,"pr"
2086,8,3.829,"pr"
2086,9,42.282,"pr"
2086,10,89.108,"pr"
2086,11,282.915,"pr"
2086,12,483.166,"pr"
2087,1,306.31,"pr"
2087,2,434.331,"pr"
2087,3,42.71,"pr"
2087,4,113.746,"pr"
2087,5,81.593,"pr"
2087,6,24.087,"pr"
2087,7,1.804,"pr"
2087,8,46.821,"pr"
2087,9,4.188,"pr"
2087,10,114.485,"pr"
2087,11,90.096,"pr"
2087,12,53.593,"pr"
2088,1,268.333,"pr"
2088,2,63.351,"pr"
2088,3,44.386,"pr"
2088,4,26.389,"pr"
2088,5,22.235,"pr"
2088,6,15.642,"pr"
2088,7,0.441,"pr"
2088,8,3.584,"pr"
2088,9,29.735,"pr"
2088,10,119.641,"pr"
2088,11,117.504,"pr"
2088,12,40.85,"pr"
2089,1,51.026,"pr"
2089,2,162.762,"pr"
2089,3,210.331,"pr"
2089,4,51.01,"pr"
2089,5,3.824,"pr"
2089,6,4.069,"pr"
2089,7,23.543,"pr"
2089,8,20.575,"pr"
2089,9,61.665,"pr"
2089,10,146.462,"pr"
2089,11,169.983,"pr"
2089,12,160.262,"pr"
2090,1,252.429,"pr"
2090,2,198.523,"pr"
2090,3,57.668,"pr"
2090,4,65.179,"pr"
2090,5,52.549,"pr"
2090,6,11.355,"pr"
2090,7,3.026,"pr"
2090,8,1.113,"pr"
2090,9,4.125,"pr"
2090,10,104.814,"pr"
2090,11,376.82,"pr"
2090,12,7.82,"pr"
2091,1,389.269,"pr"
2091,2,60.807,"pr"
2091,3,171.099,"pr"
2091,4,49.08,"pr"
2091,5,10.14,"pr"
2091,6,12.915,"pr"
2091,7,5.841,"pr"
2091,8,7.624,"pr"
2091,9,1.904,"pr"
2091,10,56.167,"pr"
2091,11,88.413,"pr"
2091,12,46.348,"pr"
2092,1,104.485,"pr"
2092,2,125.108,"pr"
2092,3,118.607,"pr"
2092,4,51.215,"pr"
2092,5,29.141,"pr"
2092,6,7.986,"pr"
2092,7,15.536,"pr"
2092,8,24.987,"pr"
2092,9,70.206,"pr"
2092,10,95.568,"pr"
2092,11,42.219,"pr"
2092,12,453.073,"pr"
2093,1,304.268,"pr"
2093,2,129.283,"pr"
2093,3,120.572,"pr"
2093,4,41.432,"pr"
2093,5,101.274,"pr"
2093,6,2.401,"pr"
2093,7,1.979,"pr"
2093,8,8.278,"pr"
2093,9,89.497,"pr"
2093,10,145.58,"pr"
2093,11,84.63,"pr"
2093,12,246.747,"pr"
2094,1,198.292,"pr"
2094,2,90.671,"pr"
2094,3,106.978,"pr"
2094,4,93.764,"pr"
2094,5,9.658,"pr"
2094,6,1.669,"pr"
2094,7,2.836,"pr"
2094,8,8.585,"pr"
2094,9,16.126,"pr"
2094,10,94.577,"pr"
2094,11,299.839,"pr"
2094,12,181.305,"pr"
2095,1,255.278,"pr"
2095,2,174.135,"pr"
2095,3,328.944,"pr"
2095,4,59.147,"pr"
2095,5,22.264,"pr"
2095,6,1.218,"pr"
2095,7,0.23,"pr"
2095,8,25.081,"pr"
2095,9,23.712,"pr"
2095,10,18.96,"pr"
2095,11,135.193,"pr"
2095,12,86.725,"pr"
2096,1,191.377,"pr"
2096,2,108.347,"pr"
2096,3,125.343,"pr"
2096,4,94.676,"pr"
2096,5,13.971,"pr"
2096,6,8.323,"pr"
2096,7,1.934,"pr"
2096,8,7.167,"pr"
2096,9,13.723,"pr"
2096,10,29.848,"pr"
2096,11,365.715,"pr"
2096,12,234.172,"pr"
2097,1,192.964,"pr"
2097,2,47.502,"pr"
2097,3,41.707,"pr"
2097,4,14.248,"pr"
2097,5,56.735,"pr"
2097,6,1.942,"pr"
2097,7,20.917,"pr"
2097,8,17.987,"pr"
2097,9,20.543,"pr"
2097,10,100.968,"pr"
2097,11,155.007,"pr"
2097,12,242.18,"pr"
2098,1,263.688,"pr"
2098,2,304.404,"pr"
2098,3,255.079,"pr"
2098,4,66.397,"pr"
2098,5,33.644,"pr"
2098,6,23.212,"pr"
2098,7,0.447,"pr"
2098,8,12.184,"pr"
2098,9,104.194,"pr"
2098,10,9.57,"pr"
2098,11,187.353,"pr"
2098,12,186.239,"pr"
2099,1,136.848,"pr"
2099,2,469.999,"pr"
2099,3,81.403,"pr"
2099,4,103.15,"pr"
2099,5,46.463,"pr"
2099,6,3.624,"pr"
2099,7,0.105,"pr"
2099,8,27.903,"pr"
2099,9,14.114,"pr"
2099,10,82.939,"pr"
2099,11,167.237,"pr"
2099,12,422.987,"pr"
2100,1,56.242,"pr"
2100,2,298.746,"pr"
2100,3,151.422,"pr"
2100,4,46.093,"pr"
2100,5,34.442,"pr"
2100,6,1.795,"pr"
2100,7,6.674,"pr"
2100,8,0.726,"pr"
2100,9,75.701,"pr"
2100,10,37.601,"pr"
2100,11,122.3,"pr"
2100,12,181.6,"pr"
1948,1,2.83,"tas"
1948,2,2.717,"tas"
1948,3,3.438,"tas"
1948,4,7.61,"tas"
1948,5,10.525,"tas"
1948,6,14.637,"tas"
1948,7,20.538,"tas"
1948,8,15.305,"tas"
1948,9,14.339,"tas"
1948,10,8.209,"tas"
1948,11,1.883,"tas"
1948,12,0.09,"tas"
1949,1,-0.284,"tas"
1949,2,0.869,"tas"
1949,3,5.902,"tas"
1949,4,5.016,"tas"
1949,5,8.906,"tas"
1949,6,13.568,"tas"
1949,7,14.468,"tas"
1949,8,14.914,"tas"
1949,9,14.434,"tas"
1949,10,9.871,"tas"
1949,11,1.944,"tas"
1949,12,-1.893,"tas"
1950,1,-1.361,"tas"
1950,2,-1.251,"tas"
1950,3,2.074,"tas"
1950,4,1.914,"tas"
1950,5,10.541,"tas"
1950,6,13.775,"tas"
1950,7,15.69,"tas"
1950,8,14.666,"tas"
1950,9,16.52,"tas"
1950,10,9.787,"tas"
1950,11,5.039,"tas"
1950,12,1.427,"tas"
1951,1,2.401,"tas"
1951,2,3.14,"tas"
1951,3,5.629,"tas"
1951,4,4.863,"tas"
1951,5,7.753,"tas"
1951,6,12.084,"tas"
1951,7,15.727,"tas"
1951,8,15.902,"tas"
1951,9,13.629,"tas"
1951,10,10.766,"tas"
1951,11,1.777,"tas"
1951,12,-0.39,"tas"
1952,1,1.993,"tas"
1952,2,5.075,"tas"
1952,3,3.961,"tas"
1952,4,4.23,"tas"
1952,5,7.791,"tas"
1952,6,14.271,"tas"
1952,7,18.557,"tas"
1952,8,16.411,"tas"
1952,9,15.36,"tas"
1952,10,9.537,"tas"
1952,11,3.787,"tas"
1952,12,0.193,"tas"
1953,1,1.737,"tas"
1953,2,2.83,"tas"
1953,3,3.039,"tas"
1953,4,6.453,"tas"
1953,5,12.928,"tas"
1953,6,13.459,"tas"
1953,7,13.954,"tas"
1953,8,16.619,"tas"
1953,9,12.869,"tas"
1953,10,10.517,"tas"
1953,11,5.247,"tas"
1953,12,2.05,"tas"
1954,1,-1.622,"tas"
1954,2,1.567,"tas"
1954,3,4.586,"tas"
1954,4,6.205,"tas"
1954,5,10.537,"tas"
1954,6,14.747,"tas"
1954,7,16.462,"tas"
1954,8,14.937,"tas"
1954,9,11.826,"tas"
1954,10,9.509,"tas"
1954,11,3.124,"tas"
1954,12,2.817,"tas"
1955,1,1.412,"tas"
1955,2,3.1,"tas"
1955,3,4.059,"tas"
1955,4,4.615,"tas"
1955,5,7.842,"tas"
1955,6,14.823,"tas"
1955,7,17.035,"tas"
1955,8,15.846,"tas"
1955,9,12.898,"tas"
1955,10,8.249,"tas"
1955,11,2.705,"tas"
1955,12,-0.381,"tas"
1956,1,-1.011,"tas"
1956,2,3.614,"tas"
1956,3,2.821,"tas"
1956,4,3.441,"tas"
1956,5,12.135,"tas"
1956,6,13.474,"tas"
1956,7,17.412,"tas"
1956,8,15.955,"tas"
1956,9,15.541,"tas"
1956,10,8.034,"tas"
1956,11,2.905,"tas"
1956,12,-1.321,"tas"
1957,1,-2.788,"tas"
1957,2,1.109,"tas"
1957,3,3.984,"tas"
1957,4,7.101,"tas"
1957,5,11.404,"tas"
1957,6,14.916,"tas"
1957,7,15.607,"tas"
1957,8,18.405,"tas"
1957,9,11.801,"tas"
1957,10,9.042,"tas"
1957,11,5.281,"tas"
1957,12,0.549,"tas"
1958,1,-0.661,"tas"
1958,2,1.595,"tas"
1958,3,4.697,"tas"
1958,4,6.642,"tas"
1958,5,10.546,"tas"
1958,6,12.029,"tas"
1958,7,17.821,"tas"
1958,8,16.107,"tas"
1958,9,13.358,"tas"
1958,10,8.062,"tas"
1958,11,3.017,"tas"
1958,12,-0.877,"tas"
1959,1,-2.159,"tas"
1959,2,0.831,"tas"
1959,3,1.985,"tas"
1959,4,6.667,"tas"
1959,5,9.744,"tas"
1959,6,13.516,"tas"
1959,7,19.427,"tas"
1959,8,15.825,"tas"
1959,9,15.732,"tas"
1959,10,8.419,"tas"
1959,11,4.2,"tas"
1959,12,-0.632,"tas"
1960,1,0.089,"tas"
1960,2,-1.035,"tas"
1960,3,0.698,"tas"
1960,4,5.195,"tas"
1960,5,7.956,"tas"
1960,6,10.566,"tas"
1960,7,14.801,"tas"
1960,8,15.598,"tas"
1960,9,15.975,"tas"
1960,10,9.823,"tas"
1960,11,3.734,"tas"
1960,12,-0.125,"tas"
1961,1,0.205,"tas"
1961,2,0.726,"tas"
1961,3,4.186,"tas"
1961,4,7.021,"tas"
1961,5,9.757,"tas"
1961,6,10.923,"tas"
1961,7,16.336,"tas"
1961,8,18.264,"tas"
1961,9,14.007,"tas"
1961,10,11.825,"tas"
1961,11,4.636,"tas"
1961,12,0.639,"tas"
1962,1,0.954,"tas"
1962,2,2.147,"tas"
1962,3,5.908,"tas"
1962,4,6.673,"tas"
1962,5,9.156,"tas"
1962,6,11.18,"tas"
1962,7,13.925,"tas"
1962,8,15.034,"tas"
1962,9,13.606,"tas"
1962,10,10.391,"tas"
1962,11,3.445,"tas"
1962,12,-0.292,"tas"
1963,1,-0.644,"tas"
1963,2,1.004,"tas"
1963,3,2.477,"tas"
1963,4,6.235,"tas"
1963,5,7.398,"tas"
1963,6,11.333,"tas"
1963,7,16.084,"tas"
1963,8,16.689,"tas"
1963,9,15.589,"tas"
1963,10,8.497,"tas"
1963,11,2.989,"tas"
1963,12,-2.119,"tas"
1964,1,-1.539,"tas"
1964,2,1.209,"tas"
1964,3,2.476,"tas"
1964,4,3.844,"tas"
1964,5,9.218,"tas"
1964,6,12.629,"tas"
1964,7,16.287,"tas"
1964,8,16.678,"tas"
1964,9,13.143,"tas"
1964,10,8.968,"tas"
1964,11,3.255,"tas"
1964,12,-2.248,"tas"
1965,1,-1.826,"tas"
1965,2,0.53,"tas"
1965,3,2.416,"tas"
1965,4,4.397,"tas"
1965,5,11.094,"tas"
1965,6,13.839,"tas"
1965,7,15.683,"tas"
1965,8,14.591,"tas"
1965,9,14.508,"tas"
1965,10,8.984,"tas"
1965,11,4.348,"tas"
1965,12,0.766,"tas"
1966,1,0.079,"tas"
1966,2,2.648,"tas"
1966,3,3.551,"tas"
1966,4,8.172,"tas"
1966,5,11.023,"tas"
1966,6,13.45,"tas"
1966,7,16.186,"tas"
1966,8,15.353,"tas"
1966,9,13.458,"tas"
1966,10,7.35,"tas"
1966,11,2.165,"tas"
1966,12,-1.4,"tas"
1967,1,1.148,"tas"
1967,2,-0.045,"tas"
1967,3,3.052,"tas"
1967,4,5.479,"tas"
1967,5,9.035,"tas"
1967,6,13.5,"tas"
1967,7,15.991,"tas"
1967,8,17.668,"tas"
1967,9,13.299,"tas"
1967,10,9.292,"tas"
1967,11,3.073,"tas"
1967,12,-0.658,"tas"
1968,1,-0.342,"tas"
1968,2,3.858,"tas"
1968,3,4.512,"tas"
1968,4,6.03,"tas"
1968,5,8.73,"tas"
1968,6,13.219,"tas"
1968,7,14.76,"tas"
1968,8,16.155,"tas"
1968,9,13.042,"tas"
1968,10,9.245,"tas"
1968,11,4.042,"tas"
1968,12,2.36,"tas"
1969,1,-0.358,"tas"
1969,2,2.212,"tas"
1969,3,3.869,"tas"
1969,4,4.015,"tas"
1969,5,7.431,"tas"
1969,6,14.102,"tas"
1969,7,15.986,"tas"
1969,8,16.857,"tas"
1969,9,14.501,"tas"
1969,10,9.428,"tas"
1969,11,2.439,"tas"
1969,12,1.778,"tas"
1970,1,0.009,"tas"
1970,2,0.318,"tas"
1970,3,3.306,"tas"
1970,4,4.748,"tas"
1970,5,8.523,"tas"
1970,6,9.202,"tas"
1970,7,13.694,"tas"
1970,8,15.823,"tas"
1970,9,11.148,"tas"
1970,10,10.428,"tas"
1970,11,4.566,"tas"
1970,12,-0.35,"tas"
1971,1,-0.187,"tas"
1971,2,0.348,"tas"
1971,3,5.386,"tas"
1971,4,4.891,"tas"
1971,5,7.701,"tas"
1971,6,11.819,"tas"
1971,7,12.475,"tas"
1971,8,16.024,"tas"
1971,9,13.843,"tas"
1971,10,10.911,"tas"
1971,11,5.774,"tas"
1971,12,2.975,"tas"
1972,1,2.086,"tas"
1972,2,0.894,"tas"
1972,3,3.124,"tas"
1972,4,6.733,"tas"
1972,5,10.32,"tas"
1972,6,14.256,"tas"
1972,7,16.486,"tas"
1972,8,17.266,"tas"
1972,9,16.195,"tas"
1972,10,9.468,"tas"
1972,11,4.3,"tas"
1972,12,0.105,"tas"
1973,1,1.383,"tas"
1973,2,1.251,"tas"
1973,3,1.958,"tas"
1973,4,4.588,"tas"
1973,5,6.219,"tas"
1973,6,14.623,"tas"
1973,7,16.161,"tas"
1973,8,15.5,"tas"
1973,9,15.125,"tas"
1973,10,7.961,"tas"
1973,11,3.106,"tas"
1973,12,0.624,"tas"
1974,1,-0.352,"tas"
1974,2,2.108,"tas"
1974,3,3.533,"tas"
1974,4,5.616,"tas"
1974,5,9.815,"tas"
1974,6,12.146,"tas"
1974,7,13.482,"tas"
1974,8,14.949,"tas"
1974,9,14.584,"tas"
1974,10,9.236,"tas"
1974,11,2.801,"tas"
1974,12,-0.371,"tas"
1975,1,-3.531,"tas"
1975,2,-1.096,"tas"
1975,3,-0.603,"tas"
1975,4,6.386,"tas"
1975,5,10.744,"tas"
1975,6,13.439,"tas"
1975,7,16.886,"tas"
1975,8,17.164,"tas"
1975,9,16.986,"tas"
1975,10,9.9,"tas"
1975,11,5.097,"tas"
1975,12,-0.404,"tas"
1976,1,-0.757,"tas"
1976,2,0.608,"tas"
1976,3,4.348,"tas"
1976,4,6.317,"tas"
1976,5,10.882,"tas"
1976,6,12.19,"tas"
1976,7,17.319,"tas"
1976,8,17.794,"tas"
1976,9,11.21,"tas"
1976,10,7.757,"tas"
1976,11,1.907,"tas"
1976,12,2.062,"tas"
1977,1,2.066,"tas"
1977,2,3.288,"tas"
1977,3,3.702,"tas"
1977,4,4.094,"tas"
1977,5,8.408,"tas"
1977,6,11.727,"tas"
1977,7,13.892,"tas"
1977,8,17.628,"tas"
1977,9,12.625,"tas"
1977,10,9.128,"tas"
1977,11,3.481,"tas"
1977,12,1.635,"tas"
1978,1,-0.144,"tas"
1978,2,3.394,"tas"
1978,3,2.655,"tas"
1978,4,6.906,"tas"
1978,5,11.292,"tas"
1978,6,10.256,"tas"
1978,7,15.725,"tas"
1978,8,16.857,"tas"
1978,9,14.984,"tas"
1978,10,10.536,"tas"
1978,11,2.839,"tas"
1978,12,-0.208,"tas"
1979,1,1.502,"tas"
1979,2,3.013,"tas"
1979,3,4.031,"tas"
1979,4,6.713,"tas"
1979,5,8.636,"tas"
1979,6,11.957,"tas"
1979,7,17.239,"tas"
1979,8,15.521,"tas"
1979,9,15.649,"tas"
1979,10,8.068,"tas"
1979,11,3.205,"tas"
1979,12,-0.992,"tas"
1980,1,0.457,"tas"
1980,2,0.561,"tas"
1980,3,3.807,"tas"
1980,4,6.817,"tas"
1980,5,9.765,"tas"
1980,6,14.292,"tas"
1980,7,13.648,"tas"
1980,8,16.443,"tas"
1980,9,14.043,"tas"
1980,10,10.51,"tas"
1980,11,2.866,"tas"
1980,12,0.722,"tas"
1981,1,0.48,"tas"
1981,2,1.99,"tas"
1981,3,4.233,"tas"
1981,4,4.767,"tas"
1981,5,10.06,"tas"
1981,6,11.251,"tas"
1981,7,14.753,"tas"
1981,8,14.756,"tas"
1981,9,15.304,"tas"
1981,10,8.833,"tas"
1981,11,4.774,"tas"
1981,12,1.471,"tas"
1982,1,-0.131,"tas"
1982,2,0.831,"tas"
1982,3,4.848,"tas"
1982,4,8.426,"tas"
1982,5,8.234,"tas"
1982,6,14.512,"tas"
1982,7,17.524,"tas"
1982,8,16.846,"tas"
1982,9,13.645,"tas"
1982,10,10.406,"tas"
1982,11,1.886,"tas"
1982,12,1.732,"tas"
1983,1,0.974,"tas"
1983,2,1.169,"tas"
1983,3,3.067,"tas"
1983,4,7.745,"tas"
1983,5,8.131,"tas"
1983,6,12.472,"tas"
1983,7,15.116,"tas"
1983,8,15.735,"tas"
1983,9,15.366,"tas"
1983,10,9.484,"tas"
1983,11,4.537,"tas"
1983,12,-0.182,"tas"
1984,1,0.841,"tas"
1984,2,1.811,"tas"
1984,3,2.803,"tas"
1984,4,5.864,"tas"
1984,5,8.241,"tas"
1984,6,14.045,"tas"
1984,7,15.174,"tas"
1984,8,19.249,"tas"
1984,9,14.15,"tas"
1984,10,8.455,"tas"
1984,11,2.935,"tas"
1984,12,-1.752,"tas"
1985,1,-3.108,"tas"
1985,2,0.129,"tas"
1985,3,1.955,"tas"
1985,4,6.301,"tas"
1985,5,11.026,"tas"
1985,6,15.12,"tas"
1985,7,17.351,"tas"
1985,8,15.623,"tas"
1985,9,14.596,"tas"
1985,10,9.205,"tas"
1985,11,1.92,"tas"
1985,12,1.498,"tas"
1986,1,0.204,"tas"
1986,2,1.235,"tas"
1986,3,2.152,"tas"
1986,4,6.196,"tas"
1986,5,6.041,"tas"
1986,6,11.597,"tas"
1986,7,14.021,"tas"
1986,8,17.129,"tas"
1986,9,15.729,"tas"
1986,10,11.956,"tas"
1986,11,6.848,"tas"
1986,12,2.005,"tas"
1987,1,-0.696,"tas"
1987,2,4.143,"tas"
1987,3,3.151,"tas"
1987,4,5.099,"tas"
1987,5,12.903,"tas"
1987,6,17.08,"tas"
1987,7,16.396,"tas"
1987,8,17.925,"tas"
1987,9,11.682,"tas"
1987,10,9.121,"tas"
1987,11,4.937,"tas"
1987,12,2.273,"tas"
1988,1,0.445,"tas"
1988,2,2.401,"tas"
1988,3,1.5,"tas"
1988,4,6.087,"tas"
1988,5,8.621,"tas"
1988,6,11.445,"tas"
1988,7,19.6,"tas"
1988,8,16.4,"tas"
1988,9,11.241,"tas"
1988,10,8.398,"tas"
1988,11,4.496,"tas"
1988,12,0.48,"tas"
1989,1,2.166,"tas"
1989,2,3.037,"tas"
1989,3,5.657,"tas"
1989,4,6.423,"tas"
1989,5,9.166,"tas"
1989,6,13.208,"tas"
1989,7,16.644,"tas"
1989,8,17.371,"tas"
1989,9,16.757,"tas"
1989,10,8.519,"tas"
1989,11,2.906,"tas"
1989,12,0.112,"tas"
1990,1,-0.016,"tas"
1990,2,1.1,"tas"
1990,3,1.641,"tas"
1990,4,3.603,"tas"
1990,5,9.625,"tas"
1990,6,17.66,"tas"
1990,7,16.193,"tas"
1990,8,16.744,"tas"
1990,9,14.254,"tas"
1990,10,10.256,"tas"
1990,11,4.753,"tas"
1990,12,0.542,"tas"
1991,1,1.492,"tas"
1991,2,1.481,"tas"
1991,3,3.964,"tas"
1991,4,4.816,"tas"
1991,5,6.875,"tas"
1991,6,11.507,"tas"
1991,7,14.868,"tas"
1991,8,17.708,"tas"
1991,9,15.134,"tas"
1991,10,9.853,"tas"
1991,11,2.427,"tas"
1991,12,-0.145,"tas"
1992,1,0.146,"tas"
1992,2,-0.122,"tas"
1992,3,1.605,"tas"
1992,4,6.4,"tas"
1992,5,8.323,"tas"
1992,6,12.925,"tas"
1992,7,13.501,"tas"
1992,8,16.265,"tas"
1992,9,15.467,"tas"
1992,10,8.476,"tas"
1992,11,4.614,"tas"
1992,12,-2.089,"tas"
1993,1,0.671,"tas"
1993,2,2.186,"tas"
1993,3,5.414,"tas"
1993,4,5.394,"tas"
1993,5,11.653,"tas"
1993,6,12.996,"tas"
1993,7,14.484,"tas"
1993,8,15.97,"tas"
1993,9,12.838,"tas"
1993,10,10.818,"tas"
1993,11,3.891,"tas"
1993,12,1.432,"tas"
1994,1,0.561,"tas"
1994,2,2.8,"tas"
1994,3,3.258,"tas"
1994,4,5.809,"tas"
1994,5,9.214,"tas"
1994,6,9.64,"tas"
1994,7,14.507,"tas"
1994,8,15.126,"tas"
1994,9,14.794,"tas"
1994,10,8.177,"tas"
1994,11,2,"tas"
1994,12,1.292,"tas"
1995,1,0.697,"tas"
1995,2,1.994,"tas"
1995,3,3.019,"tas"
1995,4,4.092,"tas"
1995,5,9.162,"tas"
1995,6,15.084,"tas"
1995,7,13.451,"tas"
1995,8,16.069,"tas"
1995,9,12.617,"tas"
1995,10,6.513,"tas"
1995,11,3.069,"tas"
1995,12,2.093,"tas"
1996,1,1.915,"tas"
1996,2,4.328,"tas"
1996,3,6.018,"tas"
1996,4,5.32,"tas"
1996,5,10.088,"tas"
1996,6,14.232,"tas"
1996,7,15.729,"tas"
1996,8,16.48,"tas"
1996,9,14.028,"tas"
1996,10,10.774,"tas"
1996,11,4.497,"tas"
1996,12,0.34,"tas"
1997,1,-0.402,"tas"
1997,2,-1.049,"tas"
1997,3,3.239,"tas"
1997,4,6.328,"tas"
1997,5,12.404,"tas"
1997,6,10.365,"tas"
1997,7,15.472,"tas"
1997,8,16.72,"tas"
1997,9,12.824,"tas"
1997,10,12.063,"tas"
1997,11,4.26,"tas"
1997,12,-0.724,"tas"
1998,1,0.121,"tas"
1998,2,1.247,"tas"
1998,3,3.857,"tas"
1998,4,7.569,"tas"
1998,5,8.759,"tas"
1998,6,14.968,"tas"
1998,7,17.521,"tas"
1998,8,17.37,"tas"
1998,9,16.206,"tas"
1998,10,10.508,"tas"
1998,11,3.654,"tas"
1998,12,2.965,"tas"
1999,1,1.376,"tas"
1999,2,1.574,"tas"
1999,3,4.494,"tas"
1999,4,4.928,"tas"
1999,5,9.209,"tas"
1999,6,12.483,"tas"
1999,7,15.081,"tas"
1999,8,15.976,"tas"
1999,9,14.181,"tas"
1999,10,9.116,"tas"
1999,11,5.498,"tas"
1999,12,1.534,"tas"
2000,1,-0.219,"tas"
2000,2,1.227,"tas"
2000,3,2.525,"tas"
2000,4,4.244,"tas"
2000,5,7.613,"tas"
2000,6,13.219,"tas"
2000,7,16.938,"tas"
2000,8,16.316,"tas"
2000,9,15.523,"tas"
2000,10,10.357,"tas"
2000,11,4.694,"tas"
2000,12,2.053,"tas"
2001,1,1.389,"tas"
2001,2,2.995,"tas"
2001,3,2.718,"tas"
2001,4,5.158,"tas"
2001,5,10.154,"tas"
2001,6,13.675,"tas"
2001,7,19.278,"tas"
2001,8,17.979,"tas"
2001,9,13.988,"tas"
2001,10,5.694,"tas"
2001,11,2.581,"tas"
2001,12,2.53,"tas"
2002,1,1.356,"tas"
2002,2,-0.542,"tas"
2002,3,3.931,"tas"
2002,4,6.343,"tas"
2002,5,10.065,"tas"
2002,6,12.352,"tas"
2002,7,15.806,"tas"
2002,8,18.147,"tas"
2002,9,13.439,"tas"
2002,10,7.566,"tas"
2002,11,5.616,"tas"
2002,12,1.092,"tas"
2003,1,0.666,"tas"
2003,2,2.867,"tas"
2003,3,5.849,"tas"
2003,4,5.54,"tas"
2003,5,8.999,"tas"
2003,6,15.614,"tas"
2003,7,18.145,"tas"
2003,8,18.375,"tas"
2003,9,14.107,"tas"
2003,10,7.619,"tas"
2003,11,5.449,"tas"
2003,12,2.872,"tas"
2004,1,-1.23,"tas"
2004,2,1.744,"tas"
2004,3,5.743,"tas"
2004,4,6.198,"tas"
2004,5,8.282,"tas"
2004,6,12.593,"tas"
2004,7,18.488,"tas"
2004,8,17.985,"tas"
2004,9,16.674,"tas"
2004,10,8.507,"tas"
2004,11,3.854,"tas"
2004,12,3.977,"tas"
2005,1,0.532,"tas"
2005,2,4.209,"tas"
2005,3,5.098,"tas"
2005,4,9.252,"tas"
2005,5,12.816,"tas"
2005,6,14.986,"tas"
2005,7,17.907,"tas"
2005,8,15.692,"tas"
2005,9,14.362,"tas"
2005,10,7.658,"tas"
2005,11,1.695,"tas"
2005,12,-0.532,"tas"
2006,1,-2.018,"tas"
2006,2,2.79,"tas"
2006,3,5.009,"tas"
2006,4,5.128,"tas"
2006,5,9.783,"tas"
2006,6,11.878,"tas"
2006,7,16.533,"tas"
2006,8,17.292,"tas"
2006,9,12.255,"tas"
2006,10,6.869,"tas"
2006,11,2.651,"tas"
2006,12,-0.219,"tas"
2007,1,-0.587,"tas"
2007,2,3.179,"tas"
2007,3,6.16,"tas"
2007,4,5.687,"tas"
2007,5,8.873,"tas"
2007,6,13.429,"tas"
2007,7,16.85,"tas"
2007,8,15.927,"tas"
2007,9,14.39,"tas"
2007,10,10.602,"tas"
2007,11,2.767,"tas"
2007,12,-1.651,"tas"
2008,1,0.066,"tas"
2008,2,1.305,"tas"
2008,3,1.772,"tas"
2008,4,6.733,"tas"
2008,5,8.344,"tas"
2008,6,11.566,"tas"
2008,7,13.673,"tas"
2008,8,16.262,"tas"
2008,9,12.225,"tas"
2008,10,10.997,"tas"
2008,11,6.061,"tas"
2008,12,3.752,"tas"
2009,1,-0.245,"tas"
2009,2,2.757,"tas"
2009,3,3.625,"tas"
2009,4,7.715,"tas"
2009,5,10.511,"tas"
2009,6,15.297,"tas"
2009,7,17.044,"tas"
2009,8,15.52,"tas"
2009,9,15.681,"tas"
2009,10,10.114,"tas"
2009,11,3.946,"tas"
2009,12,1.032,"tas"
2010,1,-0.162,"tas"
2010,2,2.668,"tas"
2010,3,6.178,"tas"
2010,4,7.095,"tas"
2010,5,12.566,"tas"
2010,6,15.681,"tas"
2010,7,17.517,"tas"
2010,8,17.637,"tas"
2010,9,14.214,"tas"
2010,10,11.238,"tas"
2010,11,5.167,"tas"
2010,12,2.288,"tas"
2011,1,1.026,"tas"
2011,2,4.028,"tas"
2011,3,3.29,"tas"
2011,4,7.378,"tas"
2011,5,10.635,"tas"
2011,6,13.319,"tas"
2011,7,17.434,"tas"
2011,8,20.075,"tas"
2011,9,17.644,"tas"
2011,10,12.211,"tas"
2011,11,4.852,"tas"
2011,12,1.087,"tas"
2012,1,-0.754,"tas"
2012,2,0.363,"tas"
2012,3,3.018,"tas"
2012,4,5.146,"tas"
2012,5,9.55,"tas"
2012,6,14.509,"tas"
2012,7,16.699,"tas"
2012,8,17.869,"tas"
2012,9,15.292,"tas"
2012,10,9.697,"tas"
2012,11,2.397,"tas"
2012,12,-0.464,"tas"
2013,1,1.065,"tas"
2013,2,-0.337,"tas"
2013,3,1.304,"tas"
2013,4,6.794,"tas"
2013,5,9.125,"tas"
2013,6,15.178,"tas"
2013,7,19.471,"tas"
2013,8,19.451,"tas"
2013,9,16.115,"tas"
2013,10,12.495,"tas"
2013,11,2.627,"tas"
2013,12,0.699,"tas"
2014,1,0.149,"tas"
2014,2,3.856,"tas"
2014,3,5.28,"tas"
2014,4,6.528,"tas"
2014,5,11.16,"tas"
2014,6,12.824,"tas"
2014,7,16.876,"tas"
2014,8,18.507,"tas"
2014,9,14.919,"tas"
2014,10,8.376,"tas"
2014,11,4.25,"tas"
2014,12,3.443,"tas"
2015,1,3.213,"tas"
2015,2,3.807,"tas"
2015,3,6.355,"tas"
2015,4,7.067,"tas"
2015,5,9.087,"tas"
2015,6,16.11,"tas"
2015,7,17.878,"tas"
2015,8,18.691,"tas"
2015,9,17.764,"tas"
2015,10,9.651,"tas"
2015,11,4.444,"tas"
2015,12,0.533,"tas"
2016,1,1.74,"tas"
2016,2,3.019,"tas"
2016,3,3.982,"tas"
2016,4,5.401,"tas"
2016,5,11.921,"tas"
2016,6,14.438,"tas"
2016,7,18.467,"tas"
2016,8,18.922,"tas"
2016,9,16.98,"tas"
2016,10,11.913,"tas"
2016,11,4.519,"tas"
2016,12,1.427,"tas"
2017,1,1.98,"tas"
2017,2,0.208,"tas"
2017,3,3.979,"tas"
2017,4,7.93,"tas"
2017,5,13.591,"tas"
2017,6,15.824,"tas"
2017,7,18.509,"tas"
2017,8,18.178,"tas"
2017,9,16.611,"tas"
2017,10,13.197,"tas"
2017,11,3.853,"tas"
2017,12,1.617,"tas"
2018,1,-1.323,"tas"
2018,2,0.899,"tas"
2018,3,1.854,"tas"
2018,4,9.395,"tas"
2018,5,12.088,"tas"
2018,6,15.244,"tas"
2018,7,16.742,"tas"
2018,8,21.252,"tas"
2018,9,20.555,"tas"
2018,10,11.035,"tas"
2018,11,3.722,"tas"
2018,12,-0.962,"tas"
2019,1,1.276,"tas"
2019,2,1.651,"tas"
2019,3,4.528,"tas"
2019,4,9.737,"tas"
2019,5,11.814,"tas"
2019,6,15.075,"tas"
2019,7,20.761,"tas"
2019,8,16.762,"tas"
2019,9,15.837,"tas"
2019,10,10.476,"tas"
2019,11,3.684,"tas"
2019,12,1.371,"tas"
2020,1,2.886,"tas"
2020,2,3.049,"tas"
2020,3,5.252,"tas"
2020,4,4.822,"tas"
2020,5,12.719,"tas"
2020,6,14.585,"tas"
2020,7,15.674,"tas"
2020,8,18.135,"tas"
2020,9,18.885,"tas"
2020,10,8.649,"tas"
2020,11,3.195,"tas"
2020,12,1.441,"tas"
2021,1,2.49,"tas"
2021,2,3.447,"tas"
2021,3,2.653,"tas"
2021,4,5.272,"tas"
2021,5,10.786,"tas"
2021,6,16.314,"tas"
2021,7,16.74,"tas"
2021,8,18.165,"tas"
2021,9,18.315,"tas"
2021,10,11.062,"tas"
2021,11,5.148,"tas"
2021,12,1.38,"tas"
2022,1,0.792,"tas"
2022,2,1.999,"tas"
2022,3,5.757,"tas"
2022,4,7.843,"tas"
2022,5,12.529,"tas"
2022,6,16.321,"tas"
2022,7,18.624,"tas"
2022,8,18.327,"tas"
2022,9,14.025,"tas"
2022,10,8.786,"tas"
2022,11,3.223,"tas"
2022,12,2.701,"tas"
2023,1,3.716,"tas"
2023,2,3.659,"tas"
2023,3,6.226,"tas"
2023,4,6.812,"tas"
2023,5,9.619,"tas"
2023,6,12.31,"tas"
2023,7,19.341,"tas"
2023,8,19.72,"tas"
2023,9,18.121,"tas"
2023,10,10.43,"tas"
2023,11,6.347,"tas"
2023,12,0.19,"tas"
2024,1,3.117,"tas"
2024,2,3.355,"tas"
2024,3,3.696,"tas"
2024,4,8.131,"tas"
2024,5,13.183,"tas"
2024,6,16.467,"tas"
2024,7,17.698,"tas"
2024,8,17.181,"tas"
2024,9,16.993,"tas"
2024,10,13.402,"tas"
2024,11,4.987,"tas"
2024,12,1.455,"tas"
2025,1,0.164,"tas"
2025,2,2.111,"tas"
2025,3,7.657,"tas"
2025,4,5.675,"tas"
2025,5,10.511,"tas"
2025,6,13.099,"tas"
2025,7,16.221,"tas"
2025,8,20.726,"tas"
2025,9,18.088,"tas"
2025,10,12.264,"tas"
2025,11,4.286,"tas"
2025,12,-0.777,"tas"
2026,1,2.061,"tas"
2026,2,5.843,"tas"
2026,3,6.37,"tas"
2026,4,7.707,"tas"
2026,5,11.341,"tas"
2026,6,15.197,"tas"
2026,7,19.26,"tas"
2026,8,17.951,"tas"
2026,9,19.391,"tas"
2026,10,13.03,"tas"
2026,11,5.274,"tas"
2026,12,3.959,"tas"
2027,1,3.465,"tas"
2027,2,2.27,"tas"
2027,3,6.226,"tas"
2027,4,6.808,"tas"
2027,5,11.129,"tas"
2027,6,15.289,"tas"
2027,7,18.875,"tas"
2027,8,20.959,"tas"
2027,9,18.794,"tas"
2027,10,10.69,"tas"
2027,11,6.533,"tas"
2027,12,2.194,"tas"
2028,1,3.004,"tas"
2028,2,3.37,"tas"
2028,3,7.33,"tas"
2028,4,6.423,"tas"
2028,5,10.943,"tas"
2028,6,14.729,"tas"
2028,7,18.097,"tas"
2028,8,17.555,"tas"
2028,9,14.718,"tas"
2028,10,10.158,"tas"
2028,11,5.163,"tas"
2028,12,1.036,"tas"
2029,1,2.047,"tas"
2029,2,1.936,"tas"
2029,3,2.638,"tas"
2029,4,6.36,"tas"
2029,5,13.728,"tas"
2029,6,15.322,"tas"
2029,7,17.304,"tas"
2029,8,18.217,"tas"
2029,9,15.655,"tas"
2029,10,11.139,"tas"
2029,11,5.169,"tas"
2029,12,3.748,"tas"
2030,1,-0.744,"tas"
2030,2,1.254,"tas"
2030,3,3.856,"tas"
2030,4,6.5,"tas"
2030,5,12.1,"tas"
2030,6,14.049,"tas"
2030,7,19.393,"tas"
2030,8,19.907,"tas"
2030,9,15.362,"tas"
2030,10,13.838,"tas"
2030,11,6.761,"tas"
2030,12,1.396,"tas"
2031,1,1.733,"tas"
2031,2,3.333,"tas"
2031,3,4.463,"tas"
2031,4,8.181,"tas"
2031,5,10.507,"tas"
2031,6,11.7,"tas"
2031,7,16.273,"tas"
2031,8,20.843,"tas"
2031,9,13.32,"tas"
2031,10,9.525,"tas"
2031,11,3.332,"tas"
2031,12,3.083,"tas"
2032,1,1.805,"tas"
2032,2,3.295,"tas"
2032,3,2.161,"tas"
2032,4,5.975,"tas"
2032,5,8.387,"tas"
2032,6,16.172,"tas"
2032,7,19.155,"tas"
2032,8,18.894,"tas"
2032,9,16.841,"tas"
2032,10,10.616,"tas"
2032,11,4.166,"tas"
2032,12,0.215,"tas"
2033,1,0.727,"tas"
2033,2,3.421,"tas"
2033,3,6.651,"tas"
2033,4,7.028,"tas"
2033,5,11.532,"tas"
2033,6,13.647,"tas"
2033,7,20.864,"tas"
2033,8,18.99,"tas"
2033,9,15.787,"tas"
2033,10,11.148,"tas"
2033,11,5.92,"tas"
2033,12,1.203,"tas"
2034,1,1.111,"tas"
2034,2,2.623,"tas"
2034,3,4.692,"tas"
2034,4,8.399,"tas"
2034,5,9.829,"tas"
2034,6,13.439,"tas"
2034,7,19.61,"tas"
2034,8,19.26,"tas"
2034,9,17.495,"tas"
2034,10,9.044,"tas"
2034,11,5.642,"tas"
2034,12,2.546,"tas"
2035,1,3.179,"tas"
2035,2,2.661,"tas"
2035,3,6.603,"tas"
2035,4,7.493,"tas"
2035,5,10.099,"tas"
2035,6,16.273,"tas"
2035,7,17.948,"tas"
2035,8,18.235,"tas"
2035,9,18.268,"tas"
2035,10,12.264,"tas"
2035,11,7.263,"tas"
2035,12,3.457,"tas"
2036,1,2.587,"tas"
2036,2,3.509,"tas"
2036,3,4.487,"tas"
2036,4,7.177,"tas"
2036,5,10.666,"tas"
2036,6,14.505,"tas"
2036,7,19.33,"tas"
2036,8,20.736,"tas"
2036,9,18.737,"tas"
2036,10,10.711,"tas"
2036,11,5.125,"tas"
2036,12,0.932,"tas"
2037,1,2.548,"tas"
2037,2,1.982,"tas"
2037,3,4.721,"tas"
2037,4,5.335,"tas"
2037,5,10.034,"tas"
2037,6,13.855,"tas"
2037,7,19.657,"tas"
2037,8,20.927,"tas"
2037,9,18.248,"tas"
2037,10,12.583,"tas"
2037,11,4.331,"tas"
2037,12,3.298,"tas"
2038,1,2.778,"tas"
2038,2,3.473,"tas"
2038,3,6.284,"tas"
2038,4,7.365,"tas"
2038,5,9.888,"tas"
2038,6,13.283,"tas"
2038,7,19.772,"tas"
2038,8,20.747,"tas"
2038,9,17.724,"tas"
2038,10,11.135,"tas"
2038,11,5.146,"tas"
2038,12,2.308,"tas"
2039,1,2.588,"tas"
2039,2,4.093,"tas"
2039,3,2.795,"tas"
2039,4,6.711,"tas"
2039,5,9.934,"tas"
2039,6,16.199,"tas"
2039,7,18.413,"tas"
2039,8,20.487,"tas"
2039,9,19.561,"tas"
2039,10,11.647,"tas"
2039,11,6.194,"tas"
2039,12,3.627,"tas"
2040,1,3.334,"tas"
2040,2,4.62,"tas"
2040,3,6.544,"tas"
2040,4,7.454,"tas"
2040,5,12.553,"tas"
2040,6,13.663,"tas"
2040,7,21.232,"tas"
2040,8,18.309,"tas"
2040,9,18.299,"tas"
2040,10,13.184,"tas"
2040,11,7.398,"tas"
2040,12,4.302,"tas"
2041,1,3.867,"tas"
2041,2,2.931,"tas"
2041,3,5.687,"tas"
2041,4,6.704,"tas"
2041,5,9.15,"tas"
2041,6,17.882,"tas"
2041,7,19.698,"tas"
2041,8,19.363,"tas"
2041,9,17.17,"tas"
2041,10,12.99,"tas"
2041,11,5.119,"tas"
2041,12,-0.903,"tas"
2042,1,-2.514,"tas"
2042,2,-0.62,"tas"
2042,3,2.82,"tas"
2042,4,6.239,"tas"
2042,5,12.889,"tas"
2042,6,15.993,"tas"
2042,7,19.033,"tas"
2042,8,20.754,"tas"
2042,9,18.291,"tas"
2042,10,12.106,"tas"
2042,11,5.203,"tas"
2042,12,0.971,"tas"
2043,1,0.906,"tas"
2043,2,3.887,"tas"
2043,3,6.129,"tas"
2043,4,9.167,"tas"
2043,5,12.811,"tas"
2043,6,19.202,"tas"
2043,7,19.507,"tas"
2043,8,18.765,"tas"
2043,9,19.8,"tas"
2043,10,15.483,"tas"
2043,11,6.483,"tas"
2043,12,4.359,"tas"
2044,1,3.885,"tas"
2044,2,5.404,"tas"
2044,3,2.936,"tas"
2044,4,6.32,"tas"
2044,5,10.112,"tas"
2044,6,15.093,"tas"
2044,7,19.412,"tas"
2044,8,18.303,"tas"
2044,9,20.47,"tas"
2044,10,13.201,"tas"
2044,11,5.36,"tas"
2044,12,1.647,"tas"
2045,1,-0.109,"tas"
2045,2,3.371,"tas"
2045,3,2.986,"tas"
2045,4,6.978,"tas"
2045,5,12.008,"tas"
2045,6,16.696,"tas"
2045,7,19.416,"tas"
2045,8,21.574,"tas"
2045,9,20.376,"tas"
2045,10,16.006,"tas"
2045,11,7.292,"tas"
2045,12,-0.216,"tas"
2046,1,1.319,"tas"
2046,2,3.612,"tas"
2046,3,5.118,"tas"
2046,4,7.415,"tas"
2046,5,11.358,"tas"
2046,6,12.749,"tas"
2046,7,17.187,"tas"
2046,8,20.37,"tas"
2046,9,19.648,"tas"
2046,10,12.831,"tas"
2046,11,4.963,"tas"
2046,12,0.372,"tas"
2047,1,5.5,"tas"
2047,2,2.93,"tas"
2047,3,7.881,"tas"
2047,4,6.238,"tas"
2047,5,12.67,"tas"
2047,6,14.344,"tas"
2047,7,20.84,"tas"
2047,8,19.593,"tas"
2047,9,17.273,"tas"
2047,10,10.726,"tas"
2047,11,5.586,"tas"
2047,12,4.663,"tas"
2048,1,2.263,"tas"
2048,2,4.966,"tas"
2048,3,7.204,"tas"
2048,4,8.225,"tas"
2048,5,14.171,"tas"
2048,6,17.708,"tas"
2048,7,19.305,"tas"
2048,8,21.109,"tas"
2048,9,18.135,"tas"
2048,10,12.166,"tas"
2048,11,7.033,"tas"
2048,12,4.839,"tas"
2049,1,2.687,"tas"
2049,2,6.627,"tas"
2049,3,9.22,"tas"
2049,4,6.751,"tas"
2049,5,12.052,"tas"
2049,6,16.682,"tas"
2049,7,17.77,"tas"
2049,8,21.334,"tas"
2049,9,19.492,"tas"
2049,10,11.844,"tas"
2049,11,8.29,"tas"
2049,12,2.895,"tas"
2050,1,2.804,"tas"
2050,2,3.136,"tas"
2050,3,6.203,"tas"
2050,4,7.051,"tas"
2050,5,10.858,"tas"
2050,6,16.582,"tas"
2050,7,21.388,"tas"
2050,8,23.685,"tas"
2050,9,17.857,"tas"
2050,10,16.122,"tas"
2050,11,6.463,"tas"
2050,12,3.902,"tas"
2051,1,0.555,"tas"
2051,2,3.539,"tas"
2051,3,3.029,"tas"
2051,4,7.554,"tas"
2051,5,12.879,"tas"
2051,6,18.164,"tas"
2051,7,22.531,"tas"
2051,8,22.544,"tas"
2051,9,19.472,"tas"
2051,10,14.108,"tas"
2051,11,4.348,"tas"
2051,12,1.315,"tas"
2052,1,2.827,"tas"
2052,2,4.717,"tas"
2052,3,4.207,"tas"
2052,4,8.095,"tas"
2052,5,13.363,"tas"
2052,6,17.32,"tas"
2052,7,19.694,"tas"
2052,8,21.347,"tas"
2052,9,19.746,"tas"
2052,10,12.834,"tas"
2052,11,6.103,"tas"
2052,12,5.063,"tas"
2053,1,3.798,"tas"
2053,2,4.817,"tas"
2053,3,5.397,"tas"
2053,4,8.417,"tas"
2053,5,9.919,"tas"
2053,6,14.842,"tas"
2053,7,21.265,"tas"
2053,8,19.368,"tas"
2053,9,19.262,"tas"
2053,10,13.023,"tas"
2053,11,5.455,"tas"
2053,12,3.115,"tas"
2054,1,1.623,"tas"
2054,2,3.859,"tas"
2054,3,6.862,"tas"
2054,4,8.948,"tas"
2054,5,12.08,"tas"
2054,6,15.531,"tas"
2054,7,19.928,"tas"
2054,8,22.442,"tas"
2054,9,19.557,"tas"
2054,10,15.077,"tas"
2054,11,6.796,"tas"
2054,12,3.988,"tas"
2055,1,3.256,"tas"
2055,2,2.343,"tas"
2055,3,6.102,"tas"
2055,4,8.388,"tas"
2055,5,10.283,"tas"
2055,6,16.238,"tas"
2055,7,22.813,"tas"
2055,8,23.569,"tas"
2055,9,20.008,"tas"
2055,10,12.294,"tas"
2055,11,7.475,"tas"
2055,12,3.478,"tas"
2056,1,2.146,"tas"
2056,2,4.762,"tas"
2056,3,7.558,"tas"
2056,4,7.345,"tas"
2056,5,15.658,"tas"
2056,6,18.35,"tas"
2056,7,22.123,"tas"
2056,8,20.464,"tas"
2056,9,20.164,"tas"
2056,10,12.943,"tas"
2056,11,6.698,"tas"
2056,12,3.565,"tas"
2057,1,2.565,"tas"
2057,2,2.967,"tas"
2057,3,9.136,"tas"
2057,4,9.491,"tas"
2057,5,13.627,"tas"
2057,6,15.589,"tas"
2057,7,21.06,"tas"
2057,8,21.374,"tas"
2057,9,21.43,"tas"
2057,10,11.592,"tas"
2057,11,6.278,"tas"
2057,12,0.747,"tas"
2058,1,1.226,"tas"
2058,2,3.954,"tas"
2058,3,7.257,"tas"
2058,4,9.275,"tas"
2058,5,9.862,"tas"
2058,6,18.939,"tas"
2058,7,19.874,"tas"
2058,8,23.929,"tas"
2058,9,22.082,"tas"
2058,10,14.202,"tas"
2058,11,8.507,"tas"
2058,12,2.761,"tas"
2059,1,1.901,"tas"
2059,2,5.093,"tas"
2059,3,5.973,"tas"
2059,4,9.451,"tas"
2059,5,10.577,"tas"
2059,6,17.5,"tas"
2059,7,22.745,"tas"
2059,8,20.423,"tas"
2059,9,21.076,"tas"
2059,10,11.562,"tas"
2059,11,6.296,"tas"
2059,12,2.052,"tas"
2060,1,1.273,"tas"
2060,2,5.447,"tas"
2060,3,7.909,"tas"
2060,4,8.248,"tas"
2060,5,12.237,"tas"
2060,6,15.257,"tas"
2060,7,20.559,"tas"
2060,8,21.843,"tas"
2060,9,21.74,"tas"
2060,10,12.365,"tas"
2060,11,6.099,"tas"
2060,12,3.681,"tas"
2061,1,3.833,"tas"
2061,2,5.579,"tas"
2061,3,7.243,"tas"
2061,4,8.863,"tas"
2061,5,12.851,"tas"
2061,6,19.194,"tas"
2061,7,22.06,"tas"
2061,8,22.28,"tas"
2061,9,19.913,"tas"
2061,10,14.307,"tas"
2061,11,9.562,"tas"
2061,12,4.004,"tas"
2062,1,4.633,"tas"
2062,2,6.369,"tas"
2062,3,5.544,"tas"
2062,4,8.335,"tas"
2062,5,12.182,"tas"
2062,6,18.09,"tas"
2062,7,22.34,"tas"
2062,8,20.842,"tas"
2062,9,20.018,"tas"
2062,10,16.246,"tas"
2062,11,7.002,"tas"
2062,12,2.99,"tas"
2063,1,5.044,"tas"
2063,2,8.123,"tas"
2063,3,8.919,"tas"
2063,4,7.563,"tas"
2063,5,14.628,"tas"
2063,6,19.404,"tas"
2063,7,20.281,"tas"
2063,8,23.254,"tas"
2063,9,20.745,"tas"
2063,10,11.228,"tas"
2063,11,7.311,"tas"
2063,12,5.123,"tas"
2064,1,3.464,"tas"
2064,2,4.524,"tas"
2064,3,5.304,"tas"
2064,4,6.582,"tas"
2064,5,13.66,"tas"
2064,6,19.425,"tas"
2064,7,20.173,"tas"
2064,8,20.844,"tas"
2064,9,17.974,"tas"
2064,10,12.687,"tas"
2064,11,6.291,"tas"
2064,12,3.806,"tas"
2065,1,4.55,"tas"
2065,2,6.06,"tas"
2065,3,5.381,"tas"
2065,4,9.155,"tas"
2065,5,14.839,"tas"
2065,6,18.876,"tas"
2065,7,23.289,"tas"
2065,8,23.206,"tas"
2065,9,22.657,"tas"
2065,10,14.212,"tas"
2065,11,8.747,"tas"
2065,12,3.568,"tas"
2066,1,3.525,"tas"
2066,2,7.365,"tas"
2066,3,8.559,"tas"
2066,4,9.952,"tas"
2066,5,15.731,"tas"
2066,6,15.607,"tas"
2066,7,21.738,"tas"
2066,8,22.424,"tas"
2066,9,20.474,"tas"
2066,10,14.233,"tas"
2066,11,8.809,"tas"
2066,12,4.423,"tas"
2067,1,3.146,"tas"
2067,2,5.213,"tas"
2067,3,3.938,"tas"
2067,4,10.299,"tas"
2067,5,12.675,"tas"
2067,6,18.037,"tas"
2067,7,19.46,"tas"
2067,8,20.638,"tas"
2067,9,20.15,"tas"
2067,10,12.716,"tas"
2067,11,6.833,"tas"
2067,12,5.045,"tas"
2068,1,4.909,"tas"
2068,2,5.087,"tas"
2068,3,7.485,"tas"
2068,4,7.958,"tas"
2068,5,14.509,"tas"
2068,6,21.286,"tas"
2068,7,21.966,"tas"
2068,8,24.052,"tas"
2068,9,22.323,"tas"
2068,10,15.155,"tas"
2068,11,5.635,"tas"
2068,12,2.031,"tas"
2069,1,2.884,"tas"
2069,2,5.829,"tas"
2069,3,6.927,"tas"
2069,4,9.745,"tas"
2069,5,14.626,"tas"
2069,6,17.905,"tas"
2069,7,22.048,"tas"
2069,8,24.09,"tas"
2069,9,20.398,"tas"
2069,10,16.507,"tas"
2069,11,9.134,"tas"
2069,12,2.465,"tas"
2070,1,3.172,"tas"
2070,2,6.221,"tas"
2070,3,9.62,"tas"
2070,4,10.728,"tas"
2070,5,15.62,"tas"
2070,6,19.421,"tas"
2070,7,22.781,"tas"
2070,8,23.426,"tas"
2070,9,20.877,"tas"
2070,10,16.857,"tas"
2070,11,6.56,"tas"
2070,12,4.178,"tas"
2071,1,4.858,"tas"
2071,2,4.836,"tas"
2071,3,6.789,"tas"
2071,4,9.848,"tas"
2071,5,10.637,"tas"
2071,6,18.372,"tas"
2071,7,21.564,"tas"
2071,8,23.741,"tas"
2071,9,19.087,"tas"
2071,10,13.393,"tas"
2071,11,9.343,"tas"
2071,12,5.244,"tas"
2072,1,4.47,"tas"
2072,2,7.288,"tas"
2072,3,7.468,"tas"
2072,4,9.009,"tas"
2072,5,13.942,"tas"
2072,6,19.594,"tas"
2072,7,20.385,"tas"
2072,8,22.322,"tas"
2072,9,17.731,"tas"
2072,10,16.393,"tas"
2072,11,5.979,"tas"
2072,12,1.802,"tas"
2073,1,4.274,"tas"
2073,2,3.822,"tas"
2073,3,4.206,"tas"
2073,4,10.218,"tas"
2073,5,14.758,"tas"
2073,6,17.746,"tas"
2073,7,23.235,"tas"
2073,8,22.05,"tas"
2073,9,21.57,"tas"
2073,10,17.272,"tas"
2073,11,8.991,"tas"
2073,12,5.196,"tas"
2074,1,3.847,"tas"
2074,2,5.249,"tas"
2074,3,9.842,"tas"
2074,4,10.7,"tas"
2074,5,14.283,"tas"
2074,6,20.265,"tas"
2074,7,24.391,"tas"
2074,8,24.382,"tas"
2074,9,22.989,"tas"
2074,10,14.542,"tas"
2074,11,8.742,"tas"
2074,12,6.891,"tas"
2075,1,4.298,"tas"
2075,2,5.133,"tas"
2075,3,9.875,"tas"
2075,4,10.403,"tas"
2075,5,13.447,"tas"
2075,6,21.689,"tas"
2075,7,23.948,"tas"
2075,8,21.431,"tas"
2075,9,20.958,"tas"
2075,10,15.143,"tas"
2075,11,8.12,"tas"
2075,12,4.101,"tas"
2076,1,3.156,"tas"
2076,2,4.655,"tas"
2076,3,8.009,"tas"
2076,4,8.793,"tas"
2076,5,12.5,"tas"
2076,6,19.055,"tas"
2076,7,22.184,"tas"
2076,8,24.399,"tas"
2076,9,21.435,"tas"
2076,10,14.267,"tas"
2076,11,6.847,"tas"
2076,12,3.561,"tas"
2077,1,4.15,"tas"
2077,2,6.242,"tas"
2077,3,7.8,"tas"
2077,4,8.379,"tas"
2077,5,12.557,"tas"
2077,6,16.899,"tas"
2077,7,23.37,"tas"
2077,8,23.694,"tas"
2077,9,20.658,"tas"
2077,10,13.05,"tas"
2077,11,6.798,"tas"
2077,12,5.839,"tas"
2078,1,4.17,"tas"
2078,2,5.818,"tas"
2078,3,8.035,"tas"
2078,4,10.767,"tas"
2078,5,13.912,"tas"
2078,6,17.258,"tas"
2078,7,22.013,"tas"
2078,8,24.521,"tas"
2078,9,20.769,"tas"
2078,10,15.915,"tas"
2078,11,6.07,"tas"
2078,12,4.871,"tas"
2079,1,3.684,"tas"
2079,2,6.333,"tas"
2079,3,7.934,"tas"
2079,4,12.156,"tas"
2079,5,14.491,"tas"
2079,6,19.617,"tas"
2079,7,24.326,"tas"
2079,8,24.039,"tas"
2079,9,23.421,"tas"
2079,10,16.206,"tas"
2079,11,6.406,"tas"
2079,12,5.688,"tas"
2080,1,3.729,"tas"
2080,2,5.654,"tas"
2080,3,7.275,"tas"
2080,4,8.277,"tas"
2080,5,12.014,"tas"
2080,6,20.349,"tas"
2080,7,24.649,"tas"
2080,8,24.255,"tas"
2080,9,22.717,"tas"
2080,10,16.222,"tas"
2080,11,9.983,"tas"
2080,12,6.108,"tas"
2081,1,4.719,"tas"
2081,2,7.852,"tas"
2081,3,8.718,"tas"
2081,4,9.598,"tas"
2081,5,11.745,"tas"
2081,6,16.899,"tas"
2081,7,22.706,"tas"
2081,8,26.469,"tas"
2081,9,22.273,"tas"
2081,10,13.734,"tas"
2081,11,8.228,"tas"
2081,12,4.908,"tas"
2082,1,4.913,"tas"
2082,2,6.458,"tas"
2082,3,5.583,"tas"
2082,4,9.831,"tas"
2082,5,14.087,"tas"
2082,6,18.443,"tas"
2082,7,22.998,"tas"
2082,8,22.606,"tas"
2082,9,21.115,"tas"
2082,10,14.136,"tas"
2082,11,6.071,"tas"
2082,12,6.288,"tas"
2083,1,4.309,"tas"
2083,2,6.237,"tas"
2083,3,7.915,"tas"
2083,4,9.385,"tas"
2083,5,11.152,"tas"
2083,6,18.654,"tas"
2083,7,21.821,"tas"
2083,8,26.549,"tas"
2083,9,22.114,"tas"
2083,10,12.462,"tas"
2083,11,8.885,"tas"
2083,12,5.563,"tas"
2084,1,3.678,"tas"
2084,2,7.11,"tas"
2084,3,8.822,"tas"
2084,4,8.616,"tas"
2084,5,13.508,"tas"
2084,6,19.539,"tas"
2084,7,24.046,"tas"
2084,8,25.53,"tas"
2084,9,22.769,"tas"
2084,10,17.038,"tas"
2084,11,7.729,"tas"
2084,12,6.354,"tas"
2085,1,4.09,"tas"
2085,2,5.538,"tas"
2085,3,4.851,"tas"
2085,4,8.871,"tas"
2085,5,13.419,"tas"
2085,6,21.444,"tas"
2085,7,24.541,"tas"
2085,8,25.866,"tas"
2085,9,20.018,"tas"
2085,10,13.37,"tas"
2085,11,9.546,"tas"
2085,12,8.085,"tas"
2086,1,7.104,"tas"
2086,2,7.389,"tas"
2086,3,10.081,"tas"
2086,4,7.759,"tas"
2086,5,12.54,"tas"
2086,6,17.757,"tas"
2086,7,24.205,"tas"
2086,8,23.786,"tas"
2086,9,21.826,"tas"
2086,10,14.437,"tas"
2086,11,10.629,"tas"
2086,12,6.637,"tas"
2087,1,6.779,"tas"
2087,2,6.012,"tas"
2087,3,9.637,"tas"
2087,4,12.118,"tas"
2087,5,13.155,"tas"
2087,6,17.692,"tas"
2087,7,21.935,"tas"
2087,8,25.498,"tas"
2087,9,21.868,"tas"
2087,10,13.965,"tas"
2087,11,7.849,"tas"
2087,12,3.229,"tas"
2088,1,4.873,"tas"
2088,2,6.714,"tas"
2088,3,10.237,"tas"
2088,4,10.939,"tas"
2088,5,14.314,"tas"
2088,6,20.454,"tas"
2088,7,25.35,"tas"
2088,8,26.575,"tas"
2088,9,23.744,"tas"
2088,10,12.761,"tas"
2088,11,9.209,"tas"
2088,12,3.448,"tas"
2089,1,6.28,"tas"
2089,2,8.202,"tas"
2089,3,8.243,"tas"
2089,4,9.348,"tas"
2089,5,13.973,"tas"
2089,6,21.248,"tas"
2089,7,27.338,"tas"
2089,8,27.197,"tas"
2089,9,22.776,"tas"
2089,10,13.315,"tas"
2089,11,10.058,"tas"
2089,12,3.8,"tas"
2090,1,4.587,"tas"
2090,2,7.728,"tas"
2090,3,7.352,"tas"
2090,4,9.174,"tas"
2090,5,13.195,"tas"
2090,6,18.67,"tas"
2090,7,25.757,"tas"
2090,8,24.136,"tas"
2090,9,23.576,"tas"
2090,10,15.075,"tas"
2090,11,8.984,"tas"
2090,12,7.644,"tas"
2091,1,6.107,"tas"
2091,2,7.34,"tas"
2091,3,9.913,"tas"
2091,4,10.091,"tas"
2091,5,15.524,"tas"
2091,6,18.9,"tas"
2091,7,24.597,"tas"
2091,8,23.643,"tas"
2091,9,22.006,"tas"
2091,10,16.927,"tas"
2091,11,9.899,"tas"
2091,12,2.886,"tas"
2092,1,4.39,"tas"
2092,2,5.802,"tas"
2092,3,9.035,"tas"
2092,4,12.642,"tas"
2092,5,15.797,"tas"
2092,6,20.238,"tas"
2092,7,27.887,"tas"
2092,8,28.183,"tas"
2092,9,22.92,"tas"
2092,10,12.346,"tas"
2092,11,6.813,"tas"
2092,12,7.97,"tas"
2093,1,6.577,"tas"
2093,2,8.723,"tas"
2093,3,9.162,"tas"
2093,4,11.875,"tas"
2093,5,12.177,"tas"
2093,6,20.341,"tas"
2093,7,24.05,"tas"
2093,8,24.104,"tas"
2093,9,23.343,"tas"
2093,10,16.221,"tas"
2093,11,9.036,"tas"
2093,12,7.068,"tas"
2094,1,5.825,"tas"
2094,2,8.067,"tas"
2094,3,10.254,"tas"
2094,4,10.062,"tas"
2094,5,15.184,"tas"
2094,6,21.559,"tas"
2094,7,25.378,"tas"
2094,8,25.445,"tas"
2094,9,23.304,"tas"
2094,10,17.468,"tas"
2094,11,8.694,"tas"
2094,12,4.852,"tas"
2095,1,5.379,"tas"
2095,2,4.661,"tas"
2095,3,9.26,"tas"
2095,4,10.811,"tas"
2095,5,17.686,"tas"
2095,6,21.324,"tas"
2095,7,26.733,"tas"
2095,8,27.811,"tas"
2095,9,25.521,"tas"
2095,10,16.712,"tas"
2095,11,8.266,"tas"
2095,12,4.977,"tas"
2096,1,4.77,"tas"
2096,2,5.41,"tas"
2096,3,8.301,"tas"
2096,4,10.167,"tas"
2096,5,14.906,"tas"
2096,6,22.132,"tas"
2096,7,25.202,"tas"
2096,8,30.37,"tas"
2096,9,25.611,"tas"
2096,10,17.888,"tas"
2096,11,8.887,"tas"
2096,12,5.383,"tas"
2097,1,5.932,"tas"
2097,2,8.367,"tas"
2097,3,10.174,"tas"
2097,4,12.017,"tas"
2097,5,17.103,"tas"
2097,6,21.709,"tas"
2097,7,25.422,"tas"
2097,8,27.342,"tas"
2097,9,25.296,"tas"
2097,10,19.331,"tas"
2097,11,11.258,"tas"
2097,12,6.658,"tas"
2098,1,6.27,"tas"
2098,2,7.908,"tas"
2098,3,8.698,"tas"
2098,4,9.124,"tas"
2098,5,12.705,"tas"
2098,6,19.375,"tas"
2098,7,24.578,"tas"
2098,8,27.757,"tas"
2098,9,21.947,"tas"
2098,10,16.353,"tas"
2098,11,10.195,"tas"
2098,12,5.715,"tas"
2099,1,7.867,"tas"
2099,2,6.761,"tas"
2099,3,9.248,"tas"
2099,4,10.295,"tas"
2099,5,13.642,"tas"
2099,6,19.531,"tas"
2099,7,25.646,"tas"
2099,8,27.823,"tas"
2099,9,23.522,"tas"
2099,10,19.812,"tas"
2099,11,11.583,"tas"
2099,12,6.673,"tas"
2100,1,6.484,"tas"
2100,2,8.425,"tas"
2100,3,7.542,"tas"
2100,4,11.772,"tas"
2100,5,12.574,"tas"
2100,6,20.682,"tas"
2100,7,26.76,"tas"
2100,8,26.915,"tas"
2100,9,23.885,"tas"
2100,10,17.096,"tas"
2100,11,10.273,"tas"
2100,12,7.09,"tas"
