"Year","Month","Value","Variable"
1948,1,282.972326373402,"PPT"
1948,2,80.7036482861735,"PPT"
1948,3,221.643936799248,"PPT"
1948,4,470.775801836434,"PPT"
1948,5,71.5060573031142,"PPT"
1948,6,104.171095451924,"PPT"
1948,7,12.5603924785878,"PPT"
1948,8,21.0753426931814,"PPT"
1948,9,58.9904290879017,"PPT"
1948,10,46.4725984879062,"PPT"
1948,11,139.193436876989,"PPT"
1948,12,153.114112184759,"PPT"
1948,1,4.70559907755326,"TMEAN"
1948,2,1.34091636233548,"TMEAN"
1948,3,2.17217181330763,"TMEAN"
1948,4,3.63092196740735,"TMEAN"
1948,5,9.45869252319416,"TMEAN"
1948,6,15.9402253881225,"TMEAN"
1948,7,19.1435953665446,"TMEAN"
1948,8,18.4393085493348,"TMEAN"
1948,9,16.1166117303328,"TMEAN"
1948,10,11.7526217125159,"TMEAN"
1948,11,5.33035216418682,"TMEAN"
1948,12,-1.14888764888606,"TMEAN"
1949,1,34.7535165536627,"PPT"
1949,2,231.264005523192,"PPT"
1949,3,455.170560194203,"PPT"
1949,4,8.34919947880278,"PPT"
1949,5,102.691828108103,"PPT"
1949,6,10.5002032662657,"PPT"
1949,7,0.253738180816535,"PPT"
1949,8,0.904615223619321,"PPT"
1949,9,8.18739328333355,"PPT"
1949,10,11.1580794453798,"PPT"
1949,11,102.543473948406,"PPT"
1949,12,67.6741584269659,"PPT"
1949,1,-2.76311595864215,"TMEAN"
1949,2,-0.153087423161839,"TMEAN"
1949,3,3.10613857534579,"TMEAN"
1949,4,10.8843235908574,"TMEAN"
1949,5,12.5935996131744,"TMEAN"
1949,6,16.8480070209418,"TMEAN"
1949,7,20.6160415763696,"TMEAN"
1949,8,18.761086035583,"TMEAN"
1949,9,17.9626596217846,"TMEAN"
1949,10,10.8059677991915,"TMEAN"
1949,11,10.0816992930702,"TMEAN"
1949,12,1.72786509711102,"TMEAN"
1950,1,387.739462243068,"PPT"
1950,2,188.336858989297,"PPT"
1950,3,159.827856437599,"PPT"
1950,4,107.565482534045,"PPT"
1950,5,36.5036726528216,"PPT"
1950,6,36.7621927953284,"PPT"
1950,7,0,"PPT"
1950,8,2.36865522189621,"PPT"
1950,9,42.0702003716643,"PPT"
1950,10,524.179439924673,"PPT"
1950,11,204.181311964386,"PPT"
1950,12,254.743877686527,"PPT"
1950,1,-2.77294675905079,"TMEAN"
1950,2,3.47786604387366,"TMEAN"
1950,3,4.23765081330279,"TMEAN"
1950,4,8.42421968275509,"TMEAN"
1950,5,12.8764039743808,"TMEAN"
1950,6,15.5540985274698,"TMEAN"
1950,7,22.3609288722108,"TMEAN"
1950,8,21.4743211573517,"TMEAN"
1950,9,17.3235941988139,"TMEAN"
1950,10,11.0293069550086,"TMEAN"
1950,11,8.03023156994267,"TMEAN"
1950,12,5.34327157347322,"TMEAN"
1951,1,269.76295455311,"PPT"
1951,2,207.538607318026,"PPT"
1951,3,80.4924786624687,"PPT"
1951,4,72.1612565411793,"PPT"
1951,5,120.575918168707,"PPT"
1951,6,1.28855040447286,"PPT"
1951,7,0,"PPT"
1951,8,16.4674772881625,"PPT"
1951,9,5.03089196567038,"PPT"
1951,10,129.122840352757,"PPT"
1951,11,408.427796648827,"PPT"
1951,12,472.4832601465,"PPT"
1951,1,0.895001676342351,"TMEAN"
1951,2,2.56757934935615,"TMEAN"
1951,3,4.44600646149056,"TMEAN"
1951,4,10.535031314854,"TMEAN"
1951,5,11.8861435949537,"TMEAN"
1951,6,18.01894840342,"TMEAN"
1951,7,20.9056074268365,"TMEAN"
1951,8,20.6937385718453,"TMEAN"
1951,9,19.2428046506393,"TMEAN"
1951,10,10.4970651821583,"TMEAN"
1951,11,5.84464613263394,"TMEAN"
1951,12,0.783795468530244,"TMEAN"
1952,1,376.907184139164,"PPT"
1952,2,169.830818933991,"PPT"
1952,3,174.618239963973,"PPT"
1952,4,54.797040302981,"PPT"
1952,5,93.979431970184,"PPT"
1952,6,99.5709826355706,"PPT"
1952,7,10.9546810842645,"PPT"
1952,8,5.34546195221941,"PPT"
1952,9,17.4327264178058,"PPT"
1952,10,16.5026625717746,"PPT"
1952,11,101.01452134558,"PPT"
1952,12,601.939001001136,"PPT"
1952,1,-0.838651848576092,"TMEAN"
1952,2,2.33662588854932,"TMEAN"
1952,3,2.8758079048214,"TMEAN"
1952,4,9.57211671650427,"TMEAN"
1952,5,12.7323626278767,"TMEAN"
1952,6,13.8004664658454,"TMEAN"
1952,7,22.2799474100538,"TMEAN"
1952,8,20.069579741801,"TMEAN"
1952,9,19.2941736393729,"TMEAN"
1952,10,15.5171013351285,"TMEAN"
1952,11,5.34049627139673,"TMEAN"
1952,12,1.16694533462887,"TMEAN"
1953,1,449.823766580764,"PPT"
1953,2,25.3483402656013,"PPT"
1953,3,225.370230715295,"PPT"
1953,4,129.795069725996,"PPT"
1953,5,123.934731382789,"PPT"
1953,6,52.6089859349083,"PPT"
1953,7,0,"PPT"
1953,8,21.593779219356,"PPT"
1953,9,1.05604340693619,"PPT"
1953,10,65.118444840326,"PPT"
1953,11,326.735793243871,"PPT"
1953,12,86.4771364605076,"PPT"
1953,1,4.31728298920466,"TMEAN"
1953,2,4.35954258004284,"TMEAN"
1953,3,4.35938901270106,"TMEAN"
1953,4,7.10858345033511,"TMEAN"
1953,5,8.15483249944128,"TMEAN"
1953,6,12.8254103486183,"TMEAN"
1953,7,21.2666323426718,"TMEAN"
1953,8,18.4421391967787,"TMEAN"
1953,9,19.7670900431056,"TMEAN"
1953,10,11.5800129092771,"TMEAN"
1953,11,6.59953513352459,"TMEAN"
1953,12,4.49160234852097,"TMEAN"
1954,1,560.546612501641,"PPT"
1954,2,242.361912648238,"PPT"
1954,3,200.285373726311,"PPT"
1954,4,200.991482272164,"PPT"
1954,5,1.33605530473464,"PPT"
1954,6,50.0348004361827,"PPT"
1954,7,0.725878380337528,"PPT"
1954,8,73.6792938658924,"PPT"
1954,9,8.25494615286544,"PPT"
1954,10,41.6083785830386,"PPT"
1954,11,268.707004466583,"PPT"
1954,12,285.226656012829,"PPT"
1954,1,1.37554555779548,"TMEAN"
1954,2,6.26288747289884,"TMEAN"
1954,3,3.8056732231827,"TMEAN"
1954,4,9.92920010210572,"TMEAN"
1954,5,13.9516564192798,"TMEAN"
1954,6,14.151721896283,"TMEAN"
1954,7,20.4027692513774,"TMEAN"
1954,8,17.1446571918672,"TMEAN"
1954,9,15.3215637235035,"TMEAN"
1954,10,11.2790122973291,"TMEAN"
1954,11,7.29243984023553,"TMEAN"
1954,12,1.82828806571988,"TMEAN"
1955,1,121.259860444558,"PPT"
1955,2,49.8508455186878,"PPT"
1955,3,46.7847684428623,"PPT"
1955,4,265.813876498855,"PPT"
1955,5,6.78735086884557,"PPT"
1955,6,5.52568481470409,"PPT"
1955,7,5.19303300644435,"PPT"
1955,8,0.338898601739881,"PPT"
1955,9,43.9063660403004,"PPT"
1955,10,21.7946546225898,"PPT"
1955,11,280.951691061763,"PPT"
1955,12,699.642257567924,"PPT"
1955,1,0.411719325500635,"TMEAN"
1955,2,1.96869144675001,"TMEAN"
1955,3,4.27834363325233,"TMEAN"
1955,4,4.01841513412209,"TMEAN"
1955,5,11.7968027009306,"TMEAN"
1955,6,16.1204694800174,"TMEAN"
1955,7,18.1251687218028,"TMEAN"
1955,8,21.3123321937302,"TMEAN"
1955,9,17.5400688101626,"TMEAN"
1955,10,12.7744826051918,"TMEAN"
1955,11,4.52007545235697,"TMEAN"
1955,12,2.34395046190974,"TMEAN"
1956,1,513.476574900318,"PPT"
1956,2,386.204072980061,"PPT"
1956,3,17.4928385819348,"PPT"
1956,4,31.7582000249771,"PPT"
1956,5,106.043684397643,"PPT"
1956,6,31.2596654614061,"PPT"
1956,7,16.1650291784441,"PPT"
1956,8,2.1944359329564,"PPT"
1956,9,11.9536927717625,"PPT"
1956,10,141.8075950128,"PPT"
1956,11,9.32367322773158,"PPT"
1956,12,24.971332866806,"PPT"
1956,1,1.85973350828557,"TMEAN"
1956,2,0.769092210085795,"TMEAN"
1956,3,4.96168339429708,"TMEAN"
1956,4,8.38968596788449,"TMEAN"
1956,5,12.2034334059879,"TMEAN"
1956,6,15.5636725620149,"TMEAN"
1956,7,21.1744426081587,"TMEAN"
1956,8,18.8726780022534,"TMEAN"
1956,9,17.0743646672748,"TMEAN"
1956,10,9.71065729957959,"TMEAN"
1956,11,7.89327037997307,"TMEAN"
1956,12,4.27202176425629,"TMEAN"
1957,1,255.041935873358,"PPT"
1957,2,387.203303050966,"PPT"
1957,3,200.038045291634,"PPT"
1957,4,167.630801194912,"PPT"
1957,5,234.310052466187,"PPT"
1957,6,5.4029118284171,"PPT"
1957,7,0.595002827784623,"PPT"
1957,8,0.00645628900062531,"PPT"
1957,9,208.396896686718,"PPT"
1957,10,196.380120765443,"PPT"
1957,11,111.107223807365,"PPT"
1957,12,260.446316326866,"PPT"
1957,1,-1.46836850142376,"TMEAN"
1957,2,4.30727643043206,"TMEAN"
1957,3,5.14781871942707,"TMEAN"
1957,4,7.90645312759588,"TMEAN"
1957,5,11.2873407440848,"TMEAN"
1957,6,17.4589856103386,"TMEAN"
1957,7,19.3174878905084,"TMEAN"
1957,8,17.9233032714885,"TMEAN"
1957,9,17.9126417049155,"TMEAN"
1957,10,8.84180907532462,"TMEAN"
1957,11,4.80046324330428,"TMEAN"
1957,12,3.64157407230789,"TMEAN"
1958,1,327.020970367513,"PPT"
1958,2,742.176164666209,"PPT"
1958,3,391.106312336895,"PPT"
1958,4,299.935992583185,"PPT"
1958,5,47.2540742435733,"PPT"
1958,6,105.987917402972,"PPT"
1958,7,48.2682046067881,"PPT"
1958,8,9.94735340692087,"PPT"
1958,9,39.1942047648865,"PPT"
1958,10,19.7013664697913,"PPT"
1958,11,40.9177862701053,"PPT"
1958,12,96.5125896148727,"PPT"
1958,1,2.93387435444437,"TMEAN"
1958,2,4.52836965537128,"TMEAN"
1958,3,2.05442070675648,"TMEAN"
1958,4,6.80392214783597,"TMEAN"
1958,5,14.0609468732637,"TMEAN"
1958,6,15.5076744557047,"TMEAN"
1958,7,21.0512563672549,"TMEAN"
1958,8,22.2928727175769,"TMEAN"
1958,9,17.2470455522024,"TMEAN"
1958,10,14.266892776261,"TMEAN"
1958,11,6.54884347588116,"TMEAN"
1958,12,6.57032828689189,"TMEAN"
1959,1,578.14789437241,"PPT"
1959,2,378.777179437842,"PPT"
1959,3,92.5805398343824,"PPT"
1959,4,42.234928008314,"PPT"
1959,5,33.0773212124895,"PPT"
1959,6,7.19901887510208,"PPT"
1959,7,0,"PPT"
1959,8,15.1672792353164,"PPT"
1959,9,136.417615842862,"PPT"
1959,10,4.96251946512234,"PPT"
1959,11,0.150290068899872,"PPT"
1959,12,84.9786724410453,"PPT"
1959,1,3.23056571909545,"TMEAN"
1959,2,2.0002029021643,"TMEAN"
1959,3,6.42270856236121,"TMEAN"
1959,4,10.5084158979531,"TMEAN"
1959,5,10.1632339059952,"TMEAN"
1959,6,17.0065741407846,"TMEAN"
1959,7,22.3974166236887,"TMEAN"
1959,8,20.158219990261,"TMEAN"
1959,9,15.1632873900157,"TMEAN"
1959,10,13.0203642891235,"TMEAN"
1959,11,8.69424679539511,"TMEAN"
1959,12,3.52984255811943,"TMEAN"
1960,1,318.644494979182,"PPT"
1960,2,321.470118740149,"PPT"
1960,3,272.743106357689,"PPT"
1960,4,100.064301212026,"PPT"
1960,5,155.495631077018,"PPT"
1960,6,0.143177371083377,"PPT"
1960,7,2.80796953594551,"PPT"
1960,8,0,"PPT"
1960,9,1.64489652509934,"PPT"
1960,10,62.7008688538478,"PPT"
1960,11,318.098386750347,"PPT"
1960,12,319.724867751263,"PPT"
1960,1,0.534199543328584,"TMEAN"
1960,2,2.53800309891196,"TMEAN"
1960,3,6.39994693002706,"TMEAN"
1960,4,6.97614246521753,"TMEAN"
1960,5,9.7581859214911,"TMEAN"
1960,6,19.2620857694197,"TMEAN"
1960,7,22.6873698413213,"TMEAN"
1960,8,19.8590670550752,"TMEAN"
1960,9,18.7960805639142,"TMEAN"
1960,10,11.926504340868,"TMEAN"
1960,11,4.58236789043606,"TMEAN"
1960,12,3.69320980160143,"TMEAN"
1961,1,156.753911221697,"PPT"
1961,2,229.161895416196,"PPT"
1961,3,253.533707928665,"PPT"
1961,4,82.7208092304131,"PPT"
1961,5,89.9109906648335,"PPT"
1961,6,28.1321303143304,"PPT"
1961,7,6.57470935163064,"PPT"
1961,8,12.2130749334794,"PPT"
1961,9,17.6123294122794,"PPT"
1961,10,57.4812618417822,"PPT"
1961,11,352.848930640196,"PPT"
1961,12,209.988362327347,"PPT"
1961,1,4.37222766609258,"TMEAN"
1961,2,3.9571274547967,"TMEAN"
1961,3,3.65659769928875,"TMEAN"
1961,4,8.08388854921697,"TMEAN"
1961,5,9.5819885975064,"TMEAN"
1961,6,18.8537184808568,"TMEAN"
1961,7,21.1784352840783,"TMEAN"
1961,8,20.8152164107024,"TMEAN"
1961,9,15.2107431989251,"TMEAN"
1961,10,11.5474684082111,"TMEAN"
1961,11,4.93889823788126,"TMEAN"
1961,12,1.94520482348476,"TMEAN"
1962,1,82.1456209620017,"PPT"
1962,2,523.618113590074,"PPT"
1962,3,187.213747967718,"PPT"
1962,4,25.9685197654949,"PPT"
1962,5,51.5811398648237,"PPT"
1962,6,3.13411357868579,"PPT"
1962,7,0,"PPT"
1962,8,27.1297226845421,"PPT"
1962,9,41.4198199322349,"PPT"
1962,10,359.138370272307,"PPT"
1962,11,148.573822443449,"PPT"
1962,12,198.122870157986,"PPT"
1962,1,1.93184710258817,"TMEAN"
1962,2,2.27714996853161,"TMEAN"
1962,3,3.02966725578132,"TMEAN"
1962,4,10.3940333351648,"TMEAN"
1962,5,9.797029595307,"TMEAN"
1962,6,16.4387700820019,"TMEAN"
1962,7,20.5990222595718,"TMEAN"
1962,8,18.9150053668582,"TMEAN"
1962,9,17.9408708745229,"TMEAN"
1962,10,11.6849330245048,"TMEAN"
1962,11,6.77713828554049,"TMEAN"
1962,12,5.05968489848607,"TMEAN"
1963,1,112.007193252014,"PPT"
1963,2,237.14444453398,"PPT"
1963,3,243.516976857022,"PPT"
1963,4,415.724514559979,"PPT"
1963,5,91.2584963471557,"PPT"
1963,6,21.9145141188105,"PPT"
1963,7,0.76770978406967,"PPT"
1963,8,2.55316741029332,"PPT"
1963,9,14.2099400265671,"PPT"
1963,10,122.75826861438,"PPT"
1963,11,372.53749012784,"PPT"
1963,12,40.1894906475329,"PPT"
1963,1,2.65046161792257,"TMEAN"
1963,2,7.02638480092952,"TMEAN"
1963,3,3.83081090587583,"TMEAN"
1963,4,3.88738004391868,"TMEAN"
1963,5,12.5892674577332,"TMEAN"
1963,6,14.6917436106234,"TMEAN"
1963,7,18.0340057883346,"TMEAN"
1963,8,19.0529269576604,"TMEAN"
1963,9,18.0661454735999,"TMEAN"
1963,10,11.3486068229607,"TMEAN"
1963,11,5.26064210709261,"TMEAN"
1963,12,4.22421817470441,"TMEAN"
1964,1,263.314770029586,"PPT"
1964,2,11.2261290354563,"PPT"
1964,3,72.6907846704325,"PPT"
1964,4,9.47760955492655,"PPT"
1964,5,64.2861684208784,"PPT"
1964,6,62.87529640867,"PPT"
1964,7,5.44496922350483,"PPT"
1964,8,0.0462008611707018,"PPT"
1964,9,10.8819487052697,"PPT"
1964,10,63.800856364259,"PPT"
1964,11,300.466282799454,"PPT"
1964,12,577.825541346264,"PPT"
1964,1,1.2225293481178,"TMEAN"
1964,2,3.85177462394708,"TMEAN"
1964,3,4.11036234306019,"TMEAN"
1964,4,7.86935289336605,"TMEAN"
1964,5,9.96492430650599,"TMEAN"
1964,6,14.3751850575164,"TMEAN"
1964,7,20.3539268521727,"TMEAN"
1964,8,19.7562595280089,"TMEAN"
1964,9,15.9679554238264,"TMEAN"
1964,10,13.9254333198053,"TMEAN"
1964,11,4.01148189596971,"TMEAN"
1964,12,2.56358234636616,"TMEAN"
1965,1,252.045348889694,"PPT"
1965,2,43.4235290688416,"PPT"
1965,3,24.7867434988269,"PPT"
1965,4,389.493106210228,"PPT"
1965,5,10.6702150313797,"PPT"
1965,6,19.4025312526361,"PPT"
1965,7,4.0688260416161,"PPT"
1965,8,47.7020704761134,"PPT"
1965,9,0.0639759144849651,"PPT"
1965,10,3.5722813089795,"PPT"
1965,11,568.503941268535,"PPT"
1965,12,140.691489896567,"PPT"
1965,1,2.77001008211042,"TMEAN"
1965,2,4.31562583125439,"TMEAN"
1965,3,5.95387375794535,"TMEAN"
1965,4,7.00622000257919,"TMEAN"
1965,5,10.9389699113301,"TMEAN"
1965,6,15.3743104207314,"TMEAN"
1965,7,20.2809225030503,"TMEAN"
1965,8,18.8431020541592,"TMEAN"
1965,9,15.4322266306439,"TMEAN"
1965,10,14.3321257165738,"TMEAN"
1965,11,5.62513258959295,"TMEAN"
1965,12,1.10735286838715,"TMEAN"
1966,1,325.95549488096,"PPT"
1966,2,195.831888557863,"PPT"
1966,3,154.455121704201,"PPT"
1966,4,45.6788333220174,"PPT"
1966,5,6.25336340472984,"PPT"
1966,6,6.70552663898099,"PPT"
1966,7,1.1261610199526,"PPT"
1966,8,7.78476332763884,"PPT"
1966,9,14.4136495659687,"PPT"
1966,10,0.0549733862339001,"PPT"
1966,11,490.544884578763,"PPT"
1966,12,316.596269998315,"PPT"
1966,1,1.16178610917251,"TMEAN"
1966,2,1.44361172185575,"TMEAN"
1966,3,5.12768373427376,"TMEAN"
1966,4,10.4007572772919,"TMEAN"
1966,5,14.5166311654978,"TMEAN"
1966,6,15.9175159741717,"TMEAN"
1966,7,18.7720270255404,"TMEAN"
1966,8,21.3219322219619,"TMEAN"
1966,9,17.4411693355919,"TMEAN"
1966,10,12.8969204626355,"TMEAN"
1966,11,6.18023315277654,"TMEAN"
1966,12,3.07347679713316,"TMEAN"
1967,1,372.751955681743,"PPT"
1967,2,22.2918810471516,"PPT"
1967,3,331.968139083549,"PPT"
1967,4,338.343780474474,"PPT"
1967,5,32.4435694096452,"PPT"
1967,6,61.7895273979384,"PPT"
1967,7,2.75650357090573,"PPT"
1967,8,3.0093895474168,"PPT"
1967,9,3.6542900609644,"PPT"
1967,10,57.3804141097646,"PPT"
1967,11,106.03337729321,"PPT"
1967,12,211.798135844221,"PPT"
1967,1,2.60268716835352,"TMEAN"
1967,2,5.13257321668387,"TMEAN"
1967,3,3.09126330759025,"TMEAN"
1967,4,1.98602254176526,"TMEAN"
1967,5,12.3658627480082,"TMEAN"
1967,6,16.1567457360134,"TMEAN"
1967,7,21.8836926363282,"TMEAN"
1967,8,23.1468796110423,"TMEAN"
1967,9,19.4344681415961,"TMEAN"
1967,10,11.9200575075581,"TMEAN"
1967,11,8.07359597641435,"TMEAN"
1967,12,0.167524990093139,"TMEAN"
1968,1,275.821590129797,"PPT"
1968,2,240.686126512748,"PPT"
1968,3,143.575644016408,"PPT"
1968,4,7.93768629955458,"PPT"
1968,5,63.4168156672899,"PPT"
1968,6,41.6055628441644,"PPT"
1968,7,0.0367347597942939,"PPT"
1968,8,56.5342077980643,"PPT"
1968,9,4.5783186259101,"PPT"
1968,10,121.782762571704,"PPT"
1968,11,136.444578792947,"PPT"
1968,12,419.455461849742,"PPT"
1968,1,1.433918888142,"TMEAN"
1968,2,5.50885443547156,"TMEAN"
1968,3,5.86291342956872,"TMEAN"
1968,4,7.9367966779704,"TMEAN"
1968,5,11.3422076849756,"TMEAN"
1968,6,17.1914535430865,"TMEAN"
1968,7,21.9190547553478,"TMEAN"
1968,8,17.4899762872071,"TMEAN"
1968,9,17.5731089375326,"TMEAN"
1968,10,11.3638767037334,"TMEAN"
1968,11,5.31487848705394,"TMEAN"
1968,12,0.198425384584527,"TMEAN"
1969,1,405.308434260944,"PPT"
1969,2,422.042724691046,"PPT"
1969,3,69.1375849193808,"PPT"
1969,4,122.297663914105,"PPT"
1969,5,22.6084851391997,"PPT"
1969,6,30.7497343187562,"PPT"
1969,7,0.999511151452356,"PPT"
1969,8,0,"PPT"
1969,9,4.95098927345015,"PPT"
1969,10,54.0602250820889,"PPT"
1969,11,101.617679270399,"PPT"
1969,12,594.008153792332,"PPT"
1969,1,-0.155560818114012,"TMEAN"
1969,2,0.237913923569571,"TMEAN"
1969,3,4.32768518438575,"TMEAN"
1969,4,7.11983959994924,"TMEAN"
1969,5,14.3640686180171,"TMEAN"
1969,6,16.4140672559296,"TMEAN"
1969,7,21.2824935656447,"TMEAN"
1969,8,20.8886657424743,"TMEAN"
1969,9,18.2080511534955,"TMEAN"
1969,10,9.30110296390789,"TMEAN"
1969,11,7.47450407799815,"TMEAN"
1969,12,3.85053689972147,"TMEAN"
1970,1,707.969727973586,"PPT"
1970,2,115.361097320502,"PPT"
1970,3,123.350840537632,"PPT"
1970,4,17.9983596859891,"PPT"
1970,5,14.7701776704723,"PPT"
1970,6,38.5703928122519,"PPT"
1970,7,0.000278025575329993,"PPT"
1970,8,0,"PPT"
1970,9,1.12579691195685,"PPT"
1970,10,113.25179376639,"PPT"
1970,11,561.123014456312,"PPT"
1970,12,351.400099920794,"PPT"
1970,1,3.18616877183088,"TMEAN"
1970,2,5.272097606069,"TMEAN"
1970,3,5.46298076580227,"TMEAN"
1970,4,5.2137663573616,"TMEAN"
1970,5,12.9785251418927,"TMEAN"
1970,6,17.6405203808215,"TMEAN"
1970,7,21.9274798005314,"TMEAN"
1970,8,20.8754260608776,"TMEAN"
1970,9,16.3132733713826,"TMEAN"
1970,10,10.998360197671,"TMEAN"
1970,11,6.1180340578398,"TMEAN"
1970,12,-0.00157017074913058,"TMEAN"
1971,1,239.435897947386,"PPT"
1971,2,14.7075450520341,"PPT"
1971,3,241.494357067951,"PPT"
1971,4,57.9617893520722,"PPT"
1971,5,89.9122229901375,"PPT"
1971,6,30.4603564854785,"PPT"
1971,7,3.30018570662041,"PPT"
1971,8,4.5961693470371,"PPT"
1971,9,24.2164375436756,"PPT"
1971,10,40.0313109702168,"PPT"
1971,11,179.718284099895,"PPT"
1971,12,221.740943087448,"PPT"
1971,1,2.25495075279143,"TMEAN"
1971,2,3.38596001559486,"TMEAN"
1971,3,3.18561388277029,"TMEAN"
1971,4,6.28043939261175,"TMEAN"
1971,5,10.6526800237027,"TMEAN"
1971,6,14.7659778128706,"TMEAN"
1971,7,21.3801911403975,"TMEAN"
1971,8,21.8031826807635,"TMEAN"
1971,9,16.0515087866337,"TMEAN"
1971,10,9.39423254388378,"TMEAN"
1971,11,4.98982925747153,"TMEAN"
1971,12,-0.695344972545782,"TMEAN"
1972,1,168.567476786994,"PPT"
1972,2,152.487310734527,"PPT"
1972,3,111.467632586354,"PPT"
1972,4,148.738714714402,"PPT"
1972,5,52.6350895010783,"PPT"
1972,6,47.7816901962707,"PPT"
1972,7,0.00401427298987801,"PPT"
1972,8,8.62325352471108,"PPT"
1972,9,38.6998178474683,"PPT"
1972,10,145.240292975919,"PPT"
1972,11,297.908367673095,"PPT"
1972,12,199.689314837403,"PPT"
1972,1,1.01989121807763,"TMEAN"
1972,2,3.73104047324478,"TMEAN"
1972,3,7.37288435241703,"TMEAN"
1972,4,6.23788087976553,"TMEAN"
1972,5,12.9618587397834,"TMEAN"
1972,6,17.4255146211788,"TMEAN"
1972,7,21.637725044424,"TMEAN"
1972,8,20.7680803045715,"TMEAN"
1972,9,15.1310769835441,"TMEAN"
1972,10,10.7890519392551,"TMEAN"
1972,11,4.48105107185354,"TMEAN"
1972,12,-0.55645289257891,"TMEAN"
1973,1,379.664481059519,"PPT"
1973,2,401.354968773975,"PPT"
1973,3,159.03949622416,"PPT"
1973,4,14.8387676068016,"PPT"
1973,5,21.6217364921763,"PPT"
1973,6,0.492016651422431,"PPT"
1973,7,4.09288404883283,"PPT"
1973,8,0.837166521676705,"PPT"
1973,9,92.8266858019504,"PPT"
1973,10,240.789733269652,"PPT"
1973,11,744.86467999048,"PPT"
1973,12,341.804686969141,"PPT"
1973,1,0.583179330489693,"TMEAN"
1973,2,3.7763275618607,"TMEAN"
1973,3,3.2019557030409,"TMEAN"
1973,4,9.04343300719294,"TMEAN"
1973,5,14.8230757886832,"TMEAN"
1973,6,17.5702052903324,"TMEAN"
1973,7,22.0252210683423,"TMEAN"
1973,8,19.7990574825388,"TMEAN"
1973,9,16.5683866669442,"TMEAN"
1973,10,10.6630433484482,"TMEAN"
1973,11,3.13927995876392,"TMEAN"
1973,12,3.41559427225125,"TMEAN"
1974,1,475.500273038403,"PPT"
1974,2,153.334376398382,"PPT"
1974,3,488.585729906965,"PPT"
1974,4,165.616088529162,"PPT"
1974,5,4.96394246003119,"PPT"
1974,6,26.8051743542833,"PPT"
1974,7,34.9362194422558,"PPT"
1974,8,10.6141800661368,"PPT"
1974,9,0,"PPT"
1974,10,66.2349613205578,"PPT"
1974,11,128.352634609153,"PPT"
1974,12,213.440849576435,"PPT"
1974,1,0.765407271948102,"TMEAN"
1974,2,2.31879181656549,"TMEAN"
1974,3,4.3722331992913,"TMEAN"
1974,4,6.22715595024276,"TMEAN"
1974,5,11.9335713262825,"TMEAN"
1974,6,17.8557699717052,"TMEAN"
1974,7,19.7758944111852,"TMEAN"
1974,8,20.57370003582,"TMEAN"
1974,9,20.1511890300498,"TMEAN"
1974,10,12.5772920200735,"TMEAN"
1974,11,5.92534790284003,"TMEAN"
1974,12,2.23338384056642,"TMEAN"
1975,1,77.1696835483003,"PPT"
1975,2,421.812790152929,"PPT"
1975,3,505.725799660366,"PPT"
1975,4,115.711250277385,"PPT"
1975,5,5.44396713773941,"PPT"
1975,6,17.1343354199069,"PPT"
1975,7,15.5739570192875,"PPT"
1975,8,14.6732035674334,"PPT"
1975,9,2.21599435271588,"PPT"
1975,10,159.76792718171,"PPT"
1975,11,87.9367344663712,"PPT"
1975,12,90.5458290038845,"PPT"
1975,1,2.27455659672826,"TMEAN"
1975,2,1.58597941521623,"TMEAN"
1975,3,2.67716039707532,"TMEAN"
1975,4,3.4210029951508,"TMEAN"
1975,5,12.4122991187389,"TMEAN"
1975,6,16.3632628624899,"TMEAN"
1975,7,20.2330121123433,"TMEAN"
1975,8,18.7096793992584,"TMEAN"
1975,9,19.8296220154412,"TMEAN"
1975,10,9.5014036461033,"TMEAN"
1975,11,4.27252623203111,"TMEAN"
1975,12,4.05108032586264,"TMEAN"
1976,1,18.8478587079963,"PPT"
1976,2,207.854052032915,"PPT"
1976,3,73.8040687811718,"PPT"
1976,4,185.882517416209,"PPT"
1976,5,4.27049673613855,"PPT"
1976,6,10.828282509111,"PPT"
1976,7,6.72110747801843,"PPT"
1976,8,91.5782373333629,"PPT"
1976,9,32.8219585804368,"PPT"
1976,10,11.1701903329022,"PPT"
1976,11,43.5016201469043,"PPT"
1976,12,19.6918948772157,"PPT"
1976,1,3.53629812619054,"TMEAN"
1976,2,3.29018480851019,"TMEAN"
1976,3,4.26312807890903,"TMEAN"
1976,4,5.72082723251348,"TMEAN"
1976,5,13.4372139430422,"TMEAN"
1976,6,14.9517392771357,"TMEAN"
1976,7,21.0447344068186,"TMEAN"
1976,8,16.5404064531947,"TMEAN"
1976,9,17.8168334236395,"TMEAN"
1976,10,12.9171266690087,"TMEAN"
1976,11,8.97294337083781,"TMEAN"
1976,12,4.69295040844382,"TMEAN"
1977,1,69.5899918919477,"PPT"
1977,2,60.5632872217084,"PPT"
1977,3,83.9560886630337,"PPT"
1977,4,28.9008585285864,"PPT"
1977,5,125.982337735006,"PPT"
1977,6,21.1104848024004,"PPT"
1977,7,15.355848581814,"PPT"
1977,8,12.7948068435299,"PPT"
1977,9,237.360346815397,"PPT"
1977,10,50.9403199888644,"PPT"
1977,11,138.801803326841,"PPT"
1977,12,374.918785626074,"PPT"
1977,1,1.66690862910568,"TMEAN"
1977,2,5.71778307854686,"TMEAN"
1977,3,2.92599180455528,"TMEAN"
1977,4,9.4634792107824,"TMEAN"
1977,5,7.76708874560465,"TMEAN"
1977,6,18.9857194113866,"TMEAN"
1977,7,20.4692293285366,"TMEAN"
1977,8,21.1190695976736,"TMEAN"
1977,9,15.4237825177696,"TMEAN"
1977,10,11.4115417466219,"TMEAN"
1977,11,5.31211057198108,"TMEAN"
1977,12,3.63541884802297,"TMEAN"
1978,1,754.694014255184,"PPT"
1978,2,309.90934811268,"PPT"
1978,3,348.646120387318,"PPT"
1978,4,312.210522783536,"PPT"
1978,5,18.3948721821876,"PPT"
1978,6,19.3871388954312,"PPT"
1978,7,7.88709853009528,"PPT"
1978,8,23.3792515429152,"PPT"
1978,9,142.028018053039,"PPT"
1978,10,0,"PPT"
1978,11,94.533369114808,"PPT"
1978,12,36.5988164547827,"PPT"
1978,1,3.85159635678745,"TMEAN"
1978,2,3.95340352103783,"TMEAN"
1978,3,7.58845606814032,"TMEAN"
1978,4,6.02505097222087,"TMEAN"
1978,5,11.1027194944443,"TMEAN"
1978,6,15.6435973717987,"TMEAN"
1978,7,20.2364414586859,"TMEAN"
1978,8,19.5572279614776,"TMEAN"
1978,9,14.1118017363913,"TMEAN"
1978,10,14.2475308447128,"TMEAN"
1978,11,4.37448845531763,"TMEAN"
1978,12,0.769449945281135,"TMEAN"
1979,1,224.77028726787,"PPT"
1979,2,361.182206409374,"PPT"
1979,3,184.801711199009,"PPT"
1979,4,128.348501513411,"PPT"
1979,5,74.5982606435793,"PPT"
1979,6,4.27568240699365,"PPT"
1979,7,3.53785773403134,"PPT"
1979,8,26.5928594028882,"PPT"
1979,9,25.1534330993049,"PPT"
1979,10,229.338372803642,"PPT"
1979,11,212.629375021053,"PPT"
1979,12,222.189797781707,"PPT"
1979,1,0.860837686803594,"TMEAN"
1979,2,1.88756846245506,"TMEAN"
1979,3,6.06915166370577,"TMEAN"
1979,4,6.73334837621347,"TMEAN"
1979,5,12.9280592154577,"TMEAN"
1979,6,16.6773823082465,"TMEAN"
1979,7,20.1537957069529,"TMEAN"
1979,8,18.5021097511895,"TMEAN"
1979,9,18.2270008998012,"TMEAN"
1979,10,12.1509467159713,"TMEAN"
1979,11,5.00925612099604,"TMEAN"
1979,12,4.24283591112432,"TMEAN"
1980,1,236.410287297272,"PPT"
1980,2,439.356895848324,"PPT"
1980,3,124.468783600076,"PPT"
1980,4,132.088367774094,"PPT"
1980,5,51.5625798727053,"PPT"
1980,6,48.193346104663,"PPT"
1980,7,3.13980568909517,"PPT"
1980,8,0.374692389228108,"PPT"
1980,9,26.8383909662742,"PPT"
1980,10,66.6446787845227,"PPT"
1980,11,58.2024291387598,"PPT"
1980,12,251.434091927003,"PPT"
1980,1,3.40728902464515,"TMEAN"
1980,2,5.08204068598641,"TMEAN"
1980,3,3.89546448643004,"TMEAN"
1980,4,8.41680680214916,"TMEAN"
1980,5,11.0788708596651,"TMEAN"
1980,6,12.9954116045277,"TMEAN"
1980,7,20.2386762725077,"TMEAN"
1980,8,19.2006475873692,"TMEAN"
1980,9,16.6150745500456,"TMEAN"
1980,10,12.8888239707845,"TMEAN"
1980,11,6.91747370983496,"TMEAN"
1980,12,5.31683031429705,"TMEAN"
1981,1,315.273999872358,"PPT"
1981,2,221.99756148625,"PPT"
1981,3,226.150520899804,"PPT"
1981,4,63.9241576579012,"PPT"
1981,5,94.1728791319966,"PPT"
1981,6,3.244866500502,"PPT"
1981,7,0.890765239713354,"PPT"
1981,8,0,"PPT"
1981,9,62.1760573516174,"PPT"
1981,10,175.862219632115,"PPT"
1981,11,628.625354078317,"PPT"
1981,12,409.429460501125,"PPT"
1981,1,4.78319723844759,"TMEAN"
1981,2,4.32922245761523,"TMEAN"
1981,3,5.07195889134954,"TMEAN"
1981,4,9.07724808102876,"TMEAN"
1981,5,12.0175388188473,"TMEAN"
1981,6,17.3443869271166,"TMEAN"
1981,7,20.5018668268325,"TMEAN"
1981,8,21.2984252845181,"TMEAN"
1981,9,17.9919775414247,"TMEAN"
1981,10,9.72954891541867,"TMEAN"
1981,11,6.59400700766027,"TMEAN"
1981,12,3.68140516900924,"TMEAN"
1982,1,184.738561004675,"PPT"
1982,2,235.215459170811,"PPT"
1982,3,307.601010810609,"PPT"
1982,4,329.590878207876,"PPT"
1982,5,7.04390235904991,"PPT"
1982,6,62.3151742854077,"PPT"
1982,7,13.6045962200964,"PPT"
1982,8,6.02385134378644,"PPT"
1982,9,35.2713845051934,"PPT"
1982,10,211.187667088958,"PPT"
1982,11,257.707985738754,"PPT"
1982,12,374.190189228858,"PPT"
1982,1,0.318697460093227,"TMEAN"
1982,2,3.29492268404654,"TMEAN"
1982,3,3.25722882148751,"TMEAN"
1982,4,5.429808149487,"TMEAN"
1982,5,12.8929054320231,"TMEAN"
1982,6,15.4418324129969,"TMEAN"
1982,7,18.624030110668,"TMEAN"
1982,8,19.6069991278783,"TMEAN"
1982,9,14.8996676797761,"TMEAN"
1982,10,10.2873333865179,"TMEAN"
1982,11,4.00726350679785,"TMEAN"
1982,12,2.13623130099514,"TMEAN"
1983,1,415.280156485211,"PPT"
1983,2,514.801075772306,"PPT"
1983,3,718.204252798289,"PPT"
1983,4,202.712347446366,"PPT"
1983,5,57.1265411731426,"PPT"
1983,6,15.2607728630313,"PPT"
1983,7,9.78185174495664,"PPT"
1983,8,31.6580648986562,"PPT"
1983,9,61.1973209758263,"PPT"
1983,10,85.6919420136251,"PPT"
1983,11,494.671055018175,"PPT"
1983,12,524.448447207911,"PPT"
1983,1,3.5882933424598,"TMEAN"
1983,2,3.62694099180704,"TMEAN"
1983,3,4.20579175039164,"TMEAN"
1983,4,5.083014484578,"TMEAN"
1983,5,12.5403559252934,"TMEAN"
1983,6,15.1146765597344,"TMEAN"
1983,7,17.0604336026379,"TMEAN"
1983,8,19.3601947178133,"TMEAN"
1983,9,16.7347093539475,"TMEAN"
1983,10,12.3892069734919,"TMEAN"
1983,11,4.3229215619396,"TMEAN"
1983,12,2.10241505816477,"TMEAN"
1984,1,10.2516040319919,"PPT"
1984,2,160.57543415588,"PPT"
1984,3,170.393655133254,"PPT"
1984,4,98.4543250501067,"PPT"
1984,5,37.8636046922033,"PPT"
1984,6,73.2658426495772,"PPT"
1984,7,6.98041005053763,"PPT"
1984,8,38.4192631574319,"PPT"
1984,9,8.28752304718603,"PPT"
1984,10,80.7231998262113,"PPT"
1984,11,581.139867414508,"PPT"
1984,12,78.8805602729019,"PPT"
1984,1,4.42182729240156,"TMEAN"
1984,2,3.96257807208996,"TMEAN"
1984,3,6.69344765187161,"TMEAN"
1984,4,6.4952694743721,"TMEAN"
1984,5,12.6276691318303,"TMEAN"
1984,6,15.4012349914718,"TMEAN"
1984,7,22.0729667227998,"TMEAN"
1984,8,20.1094167141059,"TMEAN"
1984,9,17.2190951725361,"TMEAN"
1984,10,8.18514404247603,"TMEAN"
1984,11,3.35402827725643,"TMEAN"
1984,12,1.32242766203907,"TMEAN"
1985,1,27.8872819002136,"PPT"
1985,2,89.5089699725044,"PPT"
1985,3,125.09247911143,"PPT"
1985,4,9.24050085806187,"PPT"
1985,5,15.4470684351823,"PPT"
1985,6,29.8992973854242,"PPT"
1985,7,26.4668918997271,"PPT"
1985,8,6.64849480283852,"PPT"
1985,9,122.844777256117,"PPT"
1985,10,100.349128785532,"PPT"
1985,11,115.646120770716,"PPT"
1985,12,168.324866149385,"PPT"
1985,1,3.51072424276223,"TMEAN"
1985,2,3.70112744115964,"TMEAN"
1985,3,3.53442882292733,"TMEAN"
1985,4,10.8304889356136,"TMEAN"
1985,5,11.9614415757542,"TMEAN"
1985,6,18.3058819680068,"TMEAN"
1985,7,22.2194124505947,"TMEAN"
1985,8,18.8021616048129,"TMEAN"
1985,9,14.1851796466894,"TMEAN"
1985,10,10.5532522050001,"TMEAN"
1985,11,2.32458842476182,"TMEAN"
1985,12,4.19430159391692,"TMEAN"
1986,1,446.29680856551,"PPT"
1986,2,627.73272822593,"PPT"
1986,3,289.378525692262,"PPT"
1986,4,39.5979318476985,"PPT"
1986,5,84.2868273403543,"PPT"
1986,6,4.51280076665748,"PPT"
1986,7,1.17133452523702,"PPT"
1986,8,0,"PPT"
1986,9,170.859745377272,"PPT"
1986,10,53.4886551793757,"PPT"
1986,11,21.3912980423915,"PPT"
1986,12,114.251693683616,"PPT"
1986,1,5.49724302244371,"TMEAN"
1986,2,4.94596990365164,"TMEAN"
1986,3,7.87307750182672,"TMEAN"
1986,4,8.05376518942436,"TMEAN"
1986,5,12.0334501080736,"TMEAN"
1986,6,18.6878410439175,"TMEAN"
1986,7,19.1448176727386,"TMEAN"
1986,8,21.320719554174,"TMEAN"
1986,9,13.4196413759671,"TMEAN"
1986,10,11.917789411481,"TMEAN"
1986,11,6.81113131015101,"TMEAN"
1986,12,3.53956199566181,"TMEAN"
1987,1,228.099391375771,"PPT"
1987,2,198.359599520399,"PPT"
1987,3,325.144377412096,"PPT"
1987,4,31.8245809657426,"PPT"
1987,5,53.3402460202056,"PPT"
1987,6,10.6723745553365,"PPT"
1987,7,29.0133789909265,"PPT"
1987,8,0.171039107690698,"PPT"
1987,9,0.00675200714158969,"PPT"
1987,10,13.9998887978315,"PPT"
1987,11,130.1332962111,"PPT"
1987,12,463.853194400947,"PPT"
1987,1,1.34407112442252,"TMEAN"
1987,2,3.82932472957446,"TMEAN"
1987,3,4.64308793509145,"TMEAN"
1987,4,11.4540242888266,"TMEAN"
1987,5,14.3024838783186,"TMEAN"
1987,6,18.133993157382,"TMEAN"
1987,7,18.0555679705963,"TMEAN"
1987,8,20.9225421331838,"TMEAN"
1987,9,18.4539566795776,"TMEAN"
1987,10,15.5237696780501,"TMEAN"
1987,11,6.0145764161957,"TMEAN"
1987,12,0.909668334843128,"TMEAN"
1988,1,279.618767760178,"PPT"
1988,2,11.4880950095715,"PPT"
1988,3,17.4340033955139,"PPT"
1988,4,185.535825817279,"PPT"
1988,5,124.976005960284,"PPT"
1988,6,49.3328136494569,"PPT"
1988,7,0.396939935540745,"PPT"
1988,8,1.95471350796113,"PPT"
1988,9,0.00198840313357609,"PPT"
1988,10,7.54051098997594,"PPT"
1988,11,422.702949083812,"PPT"
1988,12,136.816787200211,"PPT"
1988,1,1.629481782137,"TMEAN"
1988,2,5.94817185552568,"TMEAN"
1988,3,6.23155043997511,"TMEAN"
1988,4,8.79243784696262,"TMEAN"
1988,5,10.2356462083312,"TMEAN"
1988,6,15.7026217661548,"TMEAN"
1988,7,22.5701041863924,"TMEAN"
1988,8,21.1887443005383,"TMEAN"
1988,9,18.0535961256614,"TMEAN"
1988,10,15.7875418721158,"TMEAN"
1988,11,4.72841013383553,"TMEAN"
1988,12,2.84862725812429,"TMEAN"
1989,1,81.8593798905939,"PPT"
1989,2,55.9939555897799,"PPT"
1989,3,541.380001171338,"PPT"
1989,4,85.7110592651821,"PPT"
1989,5,47.4648551186599,"PPT"
1989,6,20.9199426883819,"PPT"
1989,7,0.218652837581922,"PPT"
1989,8,15.4884272805644,"PPT"
1989,9,112.766309117122,"PPT"
1989,10,234.435414153481,"PPT"
1989,11,35.1121657326432,"PPT"
1989,12,2.51318540481489,"PPT"
1989,1,1.39232031609222,"TMEAN"
1989,2,0.542907258789098,"TMEAN"
1989,3,4.51433412260712,"TMEAN"
1989,4,10.3827165287235,"TMEAN"
1989,5,11.3671683557786,"TMEAN"
1989,6,16.9891574608936,"TMEAN"
1989,7,19.7517596894774,"TMEAN"
1989,8,18.3021587981662,"TMEAN"
1989,9,16.3773836446524,"TMEAN"
1989,10,10.688470291464,"TMEAN"
1989,11,7.32509330882758,"TMEAN"
1989,12,6.18406854756675,"TMEAN"
1990,1,266.00246220049,"PPT"
1990,2,101.916844149342,"PPT"
1990,3,102.278547148034,"PPT"
1990,4,35.7158308307082,"PPT"
1990,5,364.409588991018,"PPT"
1990,6,17.6298894106615,"PPT"
1990,7,5.97451604630243,"PPT"
1990,8,31.7513838350294,"PPT"
1990,9,12.6683053725042,"PPT"
1990,10,37.120967560427,"PPT"
1990,11,29.0591580013487,"PPT"
1990,12,26.7244614845863,"PPT"
1990,1,2.96805678444482,"TMEAN"
1990,2,1.26459120107754,"TMEAN"
1990,3,6.91220073176394,"TMEAN"
1990,4,11.4852409579022,"TMEAN"
1990,5,10.8806981435143,"TMEAN"
1990,6,15.5030695781302,"TMEAN"
1990,7,21.9454069955697,"TMEAN"
1990,8,20.0931946060823,"TMEAN"
1990,9,18.1385711579319,"TMEAN"
1990,10,12.7258654835676,"TMEAN"
1990,11,5.96359123577594,"TMEAN"
1990,12,-0.539623574913434,"TMEAN"
1991,1,45.2137839370918,"PPT"
1991,2,116.925760797188,"PPT"
1991,3,467.560766584775,"PPT"
1991,4,56.0676485221017,"PPT"
1991,5,48.1279649062416,"PPT"
1991,6,45.7044491448857,"PPT"
1991,7,8.88115634451726,"PPT"
1991,8,8.01718825064633,"PPT"
1991,9,0.741385668999406,"PPT"
1991,10,46.7500752398842,"PPT"
1991,11,64.3175976277107,"PPT"
1991,12,128.879686414008,"PPT"
1991,1,3.84300523212968,"TMEAN"
1991,2,7.42078094164459,"TMEAN"
1991,3,2.55839397134705,"TMEAN"
1991,4,6.63550211178483,"TMEAN"
1991,5,9.78663528392686,"TMEAN"
1991,6,14.8954419307222,"TMEAN"
1991,7,22.3861474345704,"TMEAN"
1991,8,20.0154310312081,"TMEAN"
1991,9,20.9684446078484,"TMEAN"
1991,10,14.5712068780189,"TMEAN"
1991,11,7.67819448973216,"TMEAN"
1991,12,3.86253437950737,"TMEAN"
1992,1,112.371546576004,"PPT"
1992,2,482.89611038267,"PPT"
1992,3,199.832840713333,"PPT"
1992,4,131.744842211122,"PPT"
1992,5,4.853868568968,"PPT"
1992,6,83.2506956326759,"PPT"
1992,7,7.14228573924475,"PPT"
1992,8,0.676116707048284,"PPT"
1992,9,0.966123104843729,"PPT"
1992,10,157.352674901113,"PPT"
1992,11,59.1918436243816,"PPT"
1992,12,430.553240573871,"PPT"
1992,1,3.16323669275389,"TMEAN"
1992,2,5.29065875801386,"TMEAN"
1992,3,6.91249169500109,"TMEAN"
1992,4,10.358320153472,"TMEAN"
1992,5,16.2220968542232,"TMEAN"
1992,6,17.7997251879839,"TMEAN"
1992,7,19.7960224029673,"TMEAN"
1992,8,22.0938320145733,"TMEAN"
1992,9,17.5481790763227,"TMEAN"
1992,10,13.839587158881,"TMEAN"
1992,11,6.48118051010124,"TMEAN"
1992,12,0.793326694178255,"TMEAN"
1993,1,404.343976413569,"PPT"
1993,2,241.451100616274,"PPT"
1993,3,276.521061870338,"PPT"
1993,4,154.833926918604,"PPT"
1993,5,163.703861156036,"PPT"
1993,6,62.3293967920508,"PPT"
1993,7,0.0212399643816986,"PPT"
1993,8,34.5759046981635,"PPT"
1993,9,1.13935712404064,"PPT"
1993,10,59.6264062598458,"PPT"
1993,11,63.588856306595,"PPT"
1993,12,259.504564868883,"PPT"
1993,1,-0.0133751155429171,"TMEAN"
1993,2,1.65995086540327,"TMEAN"
1993,3,7.10593757861929,"TMEAN"
1993,4,6.63929530604898,"TMEAN"
1993,5,11.7224892225075,"TMEAN"
1993,6,14.7478994530671,"TMEAN"
1993,7,17.8143472468041,"TMEAN"
1993,8,19.1332730116179,"TMEAN"
1993,9,18.2249461521962,"TMEAN"
1993,10,13.0957728845181,"TMEAN"
1993,11,6.02152174228258,"TMEAN"
1993,12,2.75469505835857,"TMEAN"
1994,1,168.185945618057,"PPT"
1994,2,199.197152625795,"PPT"
1994,3,24.790583850442,"PPT"
1994,4,95.0226013893674,"PPT"
1994,5,62.0150947094389,"PPT"
1994,6,14.9779454308396,"PPT"
1994,7,0.0113620279781097,"PPT"
1994,8,0,"PPT"
1994,9,8.69424278793539,"PPT"
1994,10,5.34561371668584,"PPT"
1994,11,196.905960271304,"PPT"
1994,12,148.240412362445,"PPT"
1994,1,4.41664605028318,"TMEAN"
1994,2,2.10313003625496,"TMEAN"
1994,3,7.7777068720061,"TMEAN"
1994,4,9.19715190231534,"TMEAN"
1994,5,12.9995929357944,"TMEAN"
1994,6,16.2183687498695,"TMEAN"
1994,7,23.1791377943823,"TMEAN"
1994,8,20.0681426755523,"TMEAN"
1994,9,18.8209107766504,"TMEAN"
1994,10,11.5136626010454,"TMEAN"
1994,11,0.987494396808475,"TMEAN"
1994,12,1.27079444013839,"TMEAN"
1995,1,954.797905846221,"PPT"
1995,2,53.5486564001015,"PPT"
1995,3,660.297259178468,"PPT"
1995,4,295.495381493956,"PPT"
1995,5,54.7158373147293,"PPT"
1995,6,124.994982662422,"PPT"
1995,7,15.9716522239909,"PPT"
1995,8,0,"PPT"
1995,9,0.497717956730577,"PPT"
1995,10,2.07972912796544,"PPT"
1995,11,25.9501431503716,"PPT"
1995,12,453.755080664048,"PPT"
1995,1,2.764456872108,"TMEAN"
1995,2,7.44705151367535,"TMEAN"
1995,3,4.32783993516575,"TMEAN"
1995,4,6.75315272636045,"TMEAN"
1995,5,11.4535948554568,"TMEAN"
1995,6,14.7131107767051,"TMEAN"
1995,7,19.1463237791376,"TMEAN"
1995,8,19.0148389396872,"TMEAN"
1995,9,18.7833276699598,"TMEAN"
1995,10,13.2421344546753,"TMEAN"
1995,11,9.45911850730401,"TMEAN"
1995,12,3.92848961530411,"TMEAN"
1996,1,303.181154535244,"PPT"
1996,2,480.676707582817,"PPT"
1996,3,133.502820015237,"PPT"
1996,4,163.963612106419,"PPT"
1996,5,244.358289085114,"PPT"
1996,6,16.5616986169512,"PPT"
1996,7,9.23218269841571,"PPT"
1996,8,2.0834168993824,"PPT"
1996,9,27.6931144146915,"PPT"
1996,10,65.8923834994404,"PPT"
1996,11,303.930166802022,"PPT"
1996,12,773.898692203355,"PPT"
1996,1,2.87938728127014,"TMEAN"
1996,2,4.56203353896387,"TMEAN"
1996,3,6.17993179019712,"TMEAN"
1996,4,7.98073649511003,"TMEAN"
1996,5,11.287879047146,"TMEAN"
1996,6,16.7873308489871,"TMEAN"
1996,7,22.433802590071,"TMEAN"
1996,8,21.1933692395598,"TMEAN"
1996,9,16.1273063834919,"TMEAN"
1996,10,10.9384760003766,"TMEAN"
1996,11,6.62134301536607,"TMEAN"
1996,12,3.16816221116598,"TMEAN"
1997,1,372.608481868548,"PPT"
1997,2,33.7356869552662,"PPT"
1997,3,77.3587767714161,"PPT"
1997,4,106.930381532159,"PPT"
1997,5,24.3075716474954,"PPT"
1997,6,112.69890939087,"PPT"
1997,7,12.0387983839674,"PPT"
1997,8,47.9447513407907,"PPT"
1997,9,50.2079587023846,"PPT"
1997,10,82.7571662043022,"PPT"
1997,11,444.436508351127,"PPT"
1997,12,117.492946295805,"PPT"
1997,1,2.82474173359637,"TMEAN"
1997,2,4.12643405872638,"TMEAN"
1997,3,7.27884495715602,"TMEAN"
1997,4,8.01272962609466,"TMEAN"
1997,5,14.9869949098299,"TMEAN"
1997,6,15.8119267708058,"TMEAN"
1997,7,19.9376754597685,"TMEAN"
1997,8,19.6682572801518,"TMEAN"
1997,9,16.6397612489762,"TMEAN"
1997,10,10.6021386354657,"TMEAN"
1997,11,6.46752023172279,"TMEAN"
1997,12,2.5423935157893,"TMEAN"
1998,1,546.50742668812,"PPT"
1998,2,805.091074181,"PPT"
1998,3,263.020740265156,"PPT"
1998,4,173.922653043976,"PPT"
1998,5,256.337739586582,"PPT"
1998,6,50.7520173526824,"PPT"
1998,7,12.9475362287403,"PPT"
1998,8,0,"PPT"
1998,9,31.1444161866273,"PPT"
1998,10,41.1680617796109,"PPT"
1998,11,485.960143493961,"PPT"
1998,12,113.744803097147,"PPT"
1998,1,3.16136963096335,"TMEAN"
1998,2,1.63323066698417,"TMEAN"
1998,3,5.26967762457165,"TMEAN"
1998,4,6.82275963264816,"TMEAN"
1998,5,7.87678255094257,"TMEAN"
1998,6,15.2774036200033,"TMEAN"
1998,7,21.7706886004239,"TMEAN"
1998,8,22.3085595108801,"TMEAN"
1998,9,19.5665579891403,"TMEAN"
1998,10,11.4430862690521,"TMEAN"
1998,11,4.70677022149866,"TMEAN"
1998,12,1.38334810316735,"TMEAN"
1999,1,214.710742702025,"PPT"
1999,2,432.18287750344,"PPT"
1999,3,195.148026927185,"PPT"
1999,4,92.5935652996861,"PPT"
1999,5,18.448447793217,"PPT"
1999,6,9.66020556641873,"PPT"
1999,7,0.474336900616216,"PPT"
1999,8,13.5161368088321,"PPT"
1999,9,0,"PPT"
1999,10,72.8619798863888,"PPT"
1999,11,259.743902003946,"PPT"
1999,12,55.5891814599107,"PPT"
1999,1,3.70247787460153,"TMEAN"
1999,2,1.39243851009,"TMEAN"
1999,3,3.34031074881385,"TMEAN"
1999,4,6.95170761308534,"TMEAN"
1999,5,11.8193264489829,"TMEAN"
1999,6,15.8839052554011,"TMEAN"
1999,7,19.6754902691633,"TMEAN"
1999,8,19.6805573724899,"TMEAN"
1999,9,19.6377377634845,"TMEAN"
1999,10,14.5023420628004,"TMEAN"
1999,11,7.69552041277391,"TMEAN"
1999,12,4.23251106269234,"TMEAN"
2000,1,485.918820388254,"PPT"
2000,2,567.981522187214,"PPT"
2000,3,121.028361764863,"PPT"
2000,4,182.133863841002,"PPT"
2000,5,44.8585936920366,"PPT"
2000,6,23.4523537145496,"PPT"
2000,7,14.3681327018432,"PPT"
2000,8,2.29028679195813,"PPT"
2000,9,53.4902471439703,"PPT"
2000,10,109.116712848664,"PPT"
2000,11,47.0072413435161,"PPT"
2000,12,90.7680403408535,"PPT"
2000,1,2.81880178076771,"TMEAN"
2000,2,3.2974772470633,"TMEAN"
2000,3,5.64114551865386,"TMEAN"
2000,4,9.73680897150106,"TMEAN"
2000,5,12.182190125555,"TMEAN"
2000,6,18.5507648432854,"TMEAN"
2000,7,19.4989164639115,"TMEAN"
2000,8,21.3183061480345,"TMEAN"
2000,9,16.4115186767709,"TMEAN"
2000,10,11.369473510401,"TMEAN"
2000,11,4.23464174736585,"TMEAN"
2000,12,4.63308021844479,"TMEAN"
2001,1,166.570372137682,"PPT"
2001,2,327.568878391616,"PPT"
2001,3,147.197841858672,"PPT"
2001,4,80.9919218873822,"PPT"
2001,5,13.6007811690667,"PPT"
2001,6,86.2376748708044,"PPT"
2001,7,10.8096053705545,"PPT"
2001,8,1.07316056912011,"PPT"
2001,9,48.5330821215096,"PPT"
2001,10,71.3930891089733,"PPT"
2001,11,393.019966905896,"PPT"
2001,12,428.486231036814,"PPT"
2001,1,2.97851872422746,"TMEAN"
2001,2,1.99774241892755,"TMEAN"
2001,3,7.68970661485192,"TMEAN"
2001,4,6.7008882116348,"TMEAN"
2001,5,16.4409861721313,"TMEAN"
2001,6,16.8063722952753,"TMEAN"
2001,7,20.8814060877307,"TMEAN"
2001,8,21.7025640438328,"TMEAN"
2001,9,18.5217711417192,"TMEAN"
2001,10,14.1147746886485,"TMEAN"
2001,11,6.077526594729,"TMEAN"
2001,12,1.31788082025145,"TMEAN"
2002,1,186.766814612718,"PPT"
2002,2,152.856739352723,"PPT"
2002,3,118.472146691292,"PPT"
2002,4,67.1969447304654,"PPT"
2002,5,72.3925721264651,"PPT"
2002,6,9.94965079686417,"PPT"
2002,7,0.280447814749693,"PPT"
2002,8,0.043851769516198,"PPT"
2002,9,2.47425244858701,"PPT"
2002,10,0,"PPT"
2002,11,164.795082762665,"PPT"
2002,12,818.343984204036,"PPT"
2002,1,1.50461098373406,"TMEAN"
2002,2,4.72165796538212,"TMEAN"
2002,3,4.47854272044426,"TMEAN"
2002,4,9.57503093355049,"TMEAN"
2002,5,11.7193942847367,"TMEAN"
2002,6,17.9253969642686,"TMEAN"
2002,7,22.8370959012238,"TMEAN"
2002,8,20.8788793527261,"TMEAN"
2002,9,18.8774961604272,"TMEAN"
2002,10,12.691316270488,"TMEAN"
2002,11,7.71803264594503,"TMEAN"
2002,12,3.05511033237468,"TMEAN"
2003,1,222.148155511861,"PPT"
2003,2,83.584264787577,"PPT"
2003,3,192.61267555593,"PPT"
2003,4,336.860927802978,"PPT"
2003,5,28.0427951670955,"PPT"
2003,6,4.20171945704047,"PPT"
2003,7,11.296363808146,"PPT"
2003,8,31.5086175375243,"PPT"
2003,9,3.17202587578575,"PPT"
2003,10,0,"PPT"
2003,11,253.666960410834,"PPT"
2003,12,478.329316165594,"PPT"
2003,1,6.09780373856527,"TMEAN"
2003,2,4.60175207727391,"TMEAN"
2003,3,5.88406093576089,"TMEAN"
2003,4,4.28262898156817,"TMEAN"
2003,5,12.0267118478225,"TMEAN"
2003,6,19.2257245465329,"TMEAN"
2003,7,23.5526405676752,"TMEAN"
2003,8,20.0505754971058,"TMEAN"
2003,9,19.6694935966807,"TMEAN"
2003,10,14.9723679384517,"TMEAN"
2003,11,3.63469194463772,"TMEAN"
2003,12,2.40538502259027,"TMEAN"
2004,1,198.381199857432,"PPT"
2004,2,504.081407985409,"PPT"
2004,3,73.6170724578957,"PPT"
2004,4,78.9168237770664,"PPT"
2004,5,26.2187315895201,"PPT"
2004,6,6.18596744374296,"PPT"
2004,7,6.26496923070732,"PPT"
2004,8,5.2787571922144,"PPT"
2004,9,1.91896729721152,"PPT"
2004,10,192.623629984883,"PPT"
2004,11,49.0600917525778,"PPT"
2004,12,383.398548390516,"PPT"
2004,1,2.22699431424676,"TMEAN"
2004,2,2.79665847135297,"TMEAN"
2004,3,9.57473710419484,"TMEAN"
2004,4,9.83686847550561,"TMEAN"
2004,5,12.7447818685705,"TMEAN"
2004,6,17.7258761069479,"TMEAN"
2004,7,22.0526247876689,"TMEAN"
2004,8,20.6291127325416,"TMEAN"
2004,9,17.3804343758401,"TMEAN"
2004,10,10.877786569109,"TMEAN"
2004,11,5.97792268309819,"TMEAN"
2004,12,4.05601029376683,"TMEAN"
2005,1,220.843930641739,"PPT"
2005,2,147.261276660276,"PPT"
2005,3,242.326873166767,"PPT"
2005,4,130.285764856988,"PPT"
2005,5,253.98532518063,"PPT"
2005,6,124.703974916366,"PPT"
2005,7,0.00476702345414555,"PPT"
2005,8,0,"PPT"
2005,9,5.01575571491566,"PPT"
2005,10,38.7823675625246,"PPT"
2005,11,227.696233617242,"PPT"
2005,12,636.509533126972,"PPT"
2005,1,3.45141958091945,"TMEAN"
2005,2,5.41501509854163,"TMEAN"
2005,3,6.95876750092119,"TMEAN"
2005,4,7.05265732097112,"TMEAN"
2005,5,11.6027730372453,"TMEAN"
2005,6,13.5590041552914,"TMEAN"
2005,7,22.7825069852858,"TMEAN"
2005,8,21.9890327447942,"TMEAN"
2005,9,16.3509461672718,"TMEAN"
2005,10,11.6155717752535,"TMEAN"
2005,11,6.38112875911369,"TMEAN"
2005,12,3.35789356285658,"TMEAN"
2006,1,364.391654485044,"PPT"
2006,2,209.276764712304,"PPT"
2006,3,364.430546329803,"PPT"
2006,4,336.772771512615,"PPT"
2006,5,75.60685584051,"PPT"
2006,6,15.9478150488116,"PPT"
2006,7,0.989480078708495,"PPT"
2006,8,0.870178857817138,"PPT"
2006,9,0,"PPT"
2006,10,1.88596849010232,"PPT"
2006,11,206.367540543823,"PPT"
2006,12,289.381927739783,"PPT"
2006,1,2.1182603001774,"TMEAN"
2006,2,4.42538825482121,"TMEAN"
2006,3,0.880460929476697,"TMEAN"
2006,4,6.58623819295101,"TMEAN"
2006,5,13.8767630963711,"TMEAN"
2006,6,18.7705024644941,"TMEAN"
2006,7,23.2894790831188,"TMEAN"
2006,8,20.69713824539,"TMEAN"
2006,9,18.4636207750572,"TMEAN"
2006,10,12.1190911041921,"TMEAN"
2006,11,5.27298301808789,"TMEAN"
2006,12,3.06432573962541,"TMEAN"
2007,1,39.4678117325006,"PPT"
2007,2,362.213610601184,"PPT"
2007,3,31.2205856205841,"PPT"
2007,4,56.3178731712457,"PPT"
2007,5,25.8314982721077,"PPT"
2007,6,9.24777176562357,"PPT"
2007,7,28.3775730450664,"PPT"
2007,8,0.58758147692117,"PPT"
2007,9,14.2254604748094,"PPT"
2007,10,138.705538540697,"PPT"
2007,11,26.5744580692242,"PPT"
2007,12,243.242276495991,"PPT"
2007,1,3.06661701932164,"TMEAN"
2007,2,4.0374085932168,"TMEAN"
2007,3,8.36799580198299,"TMEAN"
2007,4,9.23484878796323,"TMEAN"
2007,5,14.163851972717,"TMEAN"
2007,6,17.4979278240181,"TMEAN"
2007,7,21.979635031777,"TMEAN"
2007,8,21.0100956577082,"TMEAN"
2007,9,17.093748966073,"TMEAN"
2007,10,9.80147240997034,"TMEAN"
2007,11,7.8030521111796,"TMEAN"
2007,12,0.968687965053043,"TMEAN"
2008,1,397.569264734355,"PPT"
2008,2,210.612733529573,"PPT"
2008,3,17.8116467100433,"PPT"
2008,4,25.6551788158797,"PPT"
2008,5,38.4633637728026,"PPT"
2008,6,0.808055307748948,"PPT"
2008,7,0.12507255456381,"PPT"
2008,8,3.12579527326708,"PPT"
2008,9,0,"PPT"
2008,10,78.6640530562706,"PPT"
2008,11,182.181985650359,"PPT"
2008,12,134.18376503365,"PPT"
2008,1,0.297309258758331,"TMEAN"
2008,2,3.99146957056103,"TMEAN"
2008,3,5.30904900303017,"TMEAN"
2008,4,7.25267653476525,"TMEAN"
2008,5,12.9313360153122,"TMEAN"
2008,6,17.2895583351418,"TMEAN"
2008,7,22.0217201554488,"TMEAN"
2008,8,21.7792067815603,"TMEAN"
2008,9,19.3353822370955,"TMEAN"
2008,10,12.9006085354517,"TMEAN"
2008,11,8.18535361343503,"TMEAN"
2008,12,1.84821551775246,"TMEAN"
2009,1,31.6370816657559,"PPT"
2009,2,425.909823496782,"PPT"
2009,3,268.815430027794,"PPT"
2009,4,59.6282690608569,"PPT"
2009,5,172.96799161822,"PPT"
2009,6,55.2126074197425,"PPT"
2009,7,0.00406705320817885,"PPT"
2009,8,4.62474042405835,"PPT"
2009,9,4.44737688757074,"PPT"
2009,10,157.878177310468,"PPT"
2009,11,77.1463418808006,"PPT"
2009,12,175.874924642998,"PPT"
2009,1,5.07979418401593,"TMEAN"
2009,2,3.39779292282291,"TMEAN"
2009,3,5.02723306436961,"TMEAN"
2009,4,8.43152115807943,"TMEAN"
2009,5,14.6079595087009,"TMEAN"
2009,6,16.3347141086931,"TMEAN"
2009,7,22.7588730989876,"TMEAN"
2009,8,21.2825258687746,"TMEAN"
2009,9,20.4820986473238,"TMEAN"
2009,10,10.9041890848296,"TMEAN"
2009,11,6.17844693150251,"TMEAN"
2009,12,1.49009597513724,"TMEAN"
2010,1,548.100473363662,"PPT"
2010,2,272.796629625242,"PPT"
2010,3,139.366874447544,"PPT"
2010,4,252.434419369364,"PPT"
2010,5,106.740512838259,"PPT"
2010,6,51.110214773899,"PPT"
2010,7,5.49510362372799,"PPT"
2010,8,5.76554313012258,"PPT"
2010,9,23.3330365682052,"PPT"
2010,10,206.181653078631,"PPT"
2010,11,155.663276330935,"PPT"
2010,12,435.349739290227,"PPT"
2010,1,3.50889935862653,"TMEAN"
2010,2,3.80699260880461,"TMEAN"
2010,3,5.11496469461773,"TMEAN"
2010,4,5.09184843745086,"TMEAN"
2010,5,8.40389634371513,"TMEAN"
2010,6,15.7673272188845,"TMEAN"
2010,7,22.2049905209537,"TMEAN"
2010,8,20.216780960294,"TMEAN"
2010,9,17.2954837114656,"TMEAN"
2010,10,12.3259616527676,"TMEAN"
2010,11,5.21242280460179,"TMEAN"
2010,12,2.87916381508023,"TMEAN"
2011,1,48.6732251697305,"PPT"
2011,2,205.103566556823,"PPT"
2011,3,538.386319861751,"PPT"
2011,4,82.593228812307,"PPT"
2011,5,84.3873207722964,"PPT"
2011,6,100.961193177731,"PPT"
2011,7,6.88634609396246,"PPT"
2011,8,2.08915713965668,"PPT"
2011,9,2.81982351554635,"PPT"
2011,10,83.7969678118227,"PPT"
2011,11,91.0436550971833,"PPT"
2011,12,24.939498888039,"PPT"
2011,1,4.44857947280674,"TMEAN"
2011,2,2.72359394182185,"TMEAN"
2011,3,2.72681696218481,"TMEAN"
2011,4,6.02659069466034,"TMEAN"
2011,5,9.03771156657497,"TMEAN"
2011,6,14.6787390045173,"TMEAN"
2011,7,19.9186459391591,"TMEAN"
2011,8,21.519483605418,"TMEAN"
2011,9,20.2811572002294,"TMEAN"
2011,10,12.05893443909,"TMEAN"
2011,11,4.646956668589,"TMEAN"
2011,12,4.23979382624131,"TMEAN"
2012,1,206.323809510003,"PPT"
2012,2,87.2069726842449,"PPT"
2012,3,451.363534220123,"PPT"
2012,4,183.083209089676,"PPT"
2012,5,20.1487476802319,"PPT"
2012,6,46.5617777591584,"PPT"
2012,7,1.37310362110078,"PPT"
2012,8,0.144871543488074,"PPT"
2012,9,0,"PPT"
2012,10,40.4917492893456,"PPT"
2012,11,372.011451083707,"PPT"
2012,12,484.558973200648,"PPT"
2012,1,3.84794722959164,"TMEAN"
2012,2,4.30747746942726,"TMEAN"
2012,3,3.39868482066977,"TMEAN"
2012,4,8.07761042457658,"TMEAN"
2012,5,13.1153710581099,"TMEAN"
2012,6,15.422429207071,"TMEAN"
2012,7,20.9266584385303,"TMEAN"
2012,8,23.2911965143032,"TMEAN"
2012,9,20.5925135839351,"TMEAN"
2012,10,13.039418882082,"TMEAN"
2012,11,6.67490760581039,"TMEAN"
2012,12,1.17448934917777,"TMEAN"
2013,1,35.8507287260538,"PPT"
2013,2,24.8537843334437,"PPT"
2013,3,106.337308379465,"PPT"
2013,4,59.7825943144028,"PPT"
2013,5,28.3681542087161,"PPT"
2013,6,59.4383756074386,"PPT"
2013,7,5.54911950491821,"PPT"
2013,8,1.27788551253297,"PPT"
2013,9,76.474863167501,"PPT"
2013,10,9.07153544931443,"PPT"
2013,11,41.115953723625,"PPT"
2013,12,5.95106631799216,"PPT"
2013,1,2.51778143731116,"TMEAN"
2013,2,4.35663265338123,"TMEAN"
2013,3,7.38877927480693,"TMEAN"
2013,4,10.0279648423535,"TMEAN"
2013,5,13.1758812802057,"TMEAN"
2013,6,17.810109373079,"TMEAN"
2013,7,23.1719629084678,"TMEAN"
2013,8,20.2660432628957,"TMEAN"
2013,9,17.3166511094964,"TMEAN"
2013,10,11.5177207243715,"TMEAN"
2013,11,7.92446220149249,"TMEAN"
2013,12,3.79221517312413,"TMEAN"
2014,1,16.4605068058759,"PPT"
2014,2,279.025501626679,"PPT"
2014,3,291.068505102561,"PPT"
2014,4,50.4947677099595,"PPT"
2014,5,9.73719347476817,"PPT"
2014,6,2.51281594315119,"PPT"
2014,7,2.84662266023603,"PPT"
2014,8,8.48055843451957,"PPT"
2014,9,72.6306112608738,"PPT"
2014,10,128.52199135995,"PPT"
2014,11,134.562690716714,"PPT"
2014,12,529.683730697972,"PPT"
2014,1,7.0401720441047,"TMEAN"
2014,2,4.62228272511,"TMEAN"
2014,3,6.91115865465824,"TMEAN"
2014,4,9.49215354869785,"TMEAN"
2014,5,14.1531614470865,"TMEAN"
2014,6,18.1928603314517,"TMEAN"
2014,7,23.9273220139389,"TMEAN"
2014,8,21.7265858670058,"TMEAN"
2014,9,19.0083369655762,"TMEAN"
2014,10,13.4073903306658,"TMEAN"
2014,11,7.32712151128782,"TMEAN"
2014,12,4.16783444110638,"TMEAN"
2015,1,38.7599241825005,"PPT"
2015,2,307.405612824185,"PPT"
2015,3,42.2003023962587,"PPT"
2015,4,52.7248755405958,"PPT"
2015,5,55.4939610007403,"PPT"
2015,6,8.94423931480836,"PPT"
2015,7,22.6968457520877,"PPT"
2015,8,0.523714097933079,"PPT"
2015,9,16.73963532177,"PPT"
2015,10,20.8828827235233,"PPT"
2015,11,50.3439141301006,"PPT"
2015,12,350.600420550013,"PPT"
2015,1,6.80216508300894,"TMEAN"
2015,2,7.94267863164363,"TMEAN"
2015,3,9.40381564401531,"TMEAN"
2015,4,9.03187406994458,"TMEAN"
2015,5,13.2858766229813,"TMEAN"
2015,6,20.9705490674641,"TMEAN"
2015,7,21.7458041611081,"TMEAN"
2015,8,21.3677406683941,"TMEAN"
2015,9,18.2152827317042,"TMEAN"
2015,10,15.061170247634,"TMEAN"
2015,11,5.13233212950641,"TMEAN"
2015,12,1.25913460999993,"TMEAN"
2016,1,527.952203624134,"PPT"
2016,2,89.8728575024476,"PPT"
2016,3,456.117729515963,"PPT"
2016,4,57.1490342500059,"PPT"
2016,5,56.0664957836558,"PPT"
2016,6,40.7284673114564,"PPT"
2016,7,0.197396521988803,"PPT"
2016,8,0.0262982452555094,"PPT"
2016,9,0.521813860820529,"PPT"
2016,10,395.345409056419,"PPT"
2016,11,218.84933350535,"PPT"
2016,12,273.417647569051,"PPT"
2016,1,2.16843542519989,"TMEAN"
2016,2,6.63485165162346,"TMEAN"
2016,3,5.92244351995761,"TMEAN"
2016,4,10.9087737754559,"TMEAN"
2016,5,13.166933446068,"TMEAN"
2016,6,18.3738504198382,"TMEAN"
2016,7,21.5977230996487,"TMEAN"
2016,8,22.7046324994782,"TMEAN"
2016,9,18.1793035590291,"TMEAN"
2016,10,9.97523450776115,"TMEAN"
2016,11,6.58317457176269,"TMEAN"
2016,12,1.25130945490189,"TMEAN"
2017,1,541.835613766845,"PPT"
2017,2,498.776821775093,"PPT"
2017,3,257.201071551751,"PPT"
2017,4,261.548701596834,"PPT"
2017,5,11.8860865190842,"PPT"
2017,6,30.5376442283383,"PPT"
2017,7,0.770517689882132,"PPT"
2017,8,4.99633854102103,"PPT"
2017,9,7.42251337705323,"PPT"
2017,10,23.8772771889491,"PPT"
2017,11,276.551228584791,"PPT"
2017,12,11.6115016277936,"PPT"
2017,1,0.937987557812027,"TMEAN"
2017,2,3.37835267607655,"TMEAN"
2017,3,6.22143325628782,"TMEAN"
2017,4,6.72812877949455,"TMEAN"
2017,5,14.0968882896664,"TMEAN"
2017,6,17.9643252546008,"TMEAN"
2017,7,23.5319384304923,"TMEAN"
2017,8,23.8959656413949,"TMEAN"
2017,9,18.3384010129623,"TMEAN"
2017,10,12.5322126841088,"TMEAN"
2017,11,5.66003832958667,"TMEAN"
2017,12,4.95297926170749,"TMEAN"
2018,1,205.230152100635,"PPT"
2018,2,6.84119252594248,"PPT"
2018,3,278.713809038038,"PPT"
2018,4,124.221721185236,"PPT"
2018,5,41.2819781109155,"PPT"
2018,6,1.92131549925046,"PPT"
2018,7,6.09533360428109,"PPT"
2018,8,0,"PPT"
2018,9,18.1747852140263,"PPT"
2018,10,28.7570358872449,"PPT"
2018,11,199.732246911636,"PPT"
2018,12,157.58578553031,"PPT"
2018,1,4.9478294171466,"TMEAN"
2018,2,4.49020494457302,"TMEAN"
2018,3,3.52805800088151,"TMEAN"
2018,4,8.67878715127237,"TMEAN"
2018,5,14.3263356621567,"TMEAN"
2018,6,17.7962523838824,"TMEAN"
2018,7,23.828089075857,"TMEAN"
2018,8,21.6625825510187,"TMEAN"
2018,9,18.0964322387906,"TMEAN"
2018,10,12.7219687967013,"TMEAN"
2018,11,8.49177710108023,"TMEAN"
2018,12,2.80021498445671,"TMEAN"
2019,1,397.34860401681,"PPT"
2019,2,561.716696320351,"PPT"
2019,3,276.128561645472,"PPT"
2019,4,188.084850761602,"PPT"
2019,5,181.665065465922,"PPT"
2019,6,5.79589724593881,"PPT"
2019,7,0.0118544453219781,"PPT"
2019,8,16.0821408919199,"PPT"
2019,9,33.5918353214315,"PPT"
2019,10,7.78217069024385,"PPT"
2019,11,51.7728825228008,"PPT"
2019,12,290.627238820076,"PPT"
2019,1,4.455586912913,"TMEAN"
2019,2,-0.135113588213885,"TMEAN"
2019,3,3.91132609077117,"TMEAN"
2019,4,9.99372782984235,"TMEAN"
2019,5,11.8964402648689,"TMEAN"
2019,6,18.237227812148,"TMEAN"
2019,7,21.0649321424511,"TMEAN"
2019,8,21.6755369101611,"TMEAN"
2019,9,16.5510278618694,"TMEAN"
2019,10,10.3065251626325,"TMEAN"
2019,11,9.43583307598022,"TMEAN"
2019,12,2.47576835532979,"TMEAN"
2020,1,194.794584898732,"PPT"
2020,2,0.520300324849918,"PPT"
2020,3,112.706063139272,"PPT"
2020,4,63.8598418001827,"PPT"
2020,5,153.355904573775,"PPT"
2020,6,8.07659498570471,"PPT"
2020,7,5.62993042535666,"PPT"
2020,8,1.69825691090182,"PPT"
2020,9,0,"PPT"
2020,10,0.77239904820443,"PPT"
2020,11,82.1765959555643,"PPT"
2020,12,79.9201228118815,"PPT"
2020,1,2.75369058212793,"TMEAN"
2020,2,6.37252068422112,"TMEAN"
2020,3,4.47628802058644,"TMEAN"
2020,4,10.0861291234741,"TMEAN"
2020,5,12.7869624933103,"TMEAN"
2020,6,17.2421556474763,"TMEAN"
2020,7,22.179662311428,"TMEAN"
2020,8,22.941341056024,"TMEAN"
2020,9,20.4938331947701,"TMEAN"
2020,10,15.7002318545604,"TMEAN"
2020,11,6.33645157080444,"TMEAN"
2020,12,3.87117031459657,"TMEAN"
2021,1,286.99541282824,"PPT"
2021,2,122.25850585384,"PPT"
2021,3,125.43153736955,"PPT"
2021,4,17.9408634716366,"PPT"
2021,5,3.48325916748121,"PPT"
2021,6,3.28934624886078,"PPT"
2021,7,2.28084625954646,"PPT"
2021,8,0.576523153951343,"PPT"
2021,9,25.5535364448758,"PPT"
2021,10,276.050704091708,"PPT"
2021,11,159.117867354371,"PPT"
2021,12,279.265407177723,"PPT"
2021,1,2.89284187012415,"TMEAN"
2021,2,3.66741156949153,"TMEAN"
2021,3,4.25881681933893,"TMEAN"
2021,4,10.5973440277374,"TMEAN"
2021,5,14.2967155892119,"TMEAN"
2021,6,20.6822456339446,"TMEAN"
2021,7,24.6374802853144,"TMEAN"
2021,8,22.5517149707444,"TMEAN"
2021,9,18.6356840505155,"TMEAN"
2021,10,9.86614864378716,"TMEAN"
2021,11,7.4539692446461,"TMEAN"
2021,12,2.08920672073863,"TMEAN"
2022,1,75.9672268590436,"PPT"
2022,2,1.28133109889034,"PPT"
2022,3,23.5244293819748,"PPT"
2022,4,144.406209035392,"PPT"
2022,5,13.7920886060152,"PPT"
2022,6,38.6356708641177,"PPT"
2022,7,8.55623598638263,"PPT"
2022,8,4.5385642333633,"PPT"
2022,9,35.2072041750025,"PPT"
2022,10,0.35220104285742,"PPT"
2022,11,87.499912562556,"PPT"
2022,12,340.631408364724,"PPT"
2022,1,5.61076319338203,"TMEAN"
2022,2,6.06589891685551,"TMEAN"
2022,3,7.69922402673912,"TMEAN"
2022,4,6.56480855936278,"TMEAN"
2022,5,10.6703741094948,"TMEAN"
2022,6,16.8246914588232,"TMEAN"
2022,7,22.4351943251706,"TMEAN"
2022,8,23.2860795617139,"TMEAN"
2022,9,19.9163164645832,"TMEAN"
2022,10,16.3780802549651,"TMEAN"
2022,11,4.13261126478735,"TMEAN"
2022,12,1.38532554445311,"TMEAN"
